2025-12-29T14:10:45.950+07:00  INFO 7632 --- [blood-donation-service] [main] c.i.b.BloodDonationServiceApplication    : Starting BloodDonationServiceApplication using Java 21.0.9 with PID 7632 (D:\document\Springboot\blood-donation-service\target\classes started by CC_computer in D:\document\Springboot\blood-donation-service)
2025-12-29T14:10:45.953+07:00  INFO 7632 --- [blood-donation-service] [main] c.i.b.BloodDonationServiceApplication    : No active profile set, falling back to 1 default profile: "default"
2025-12-29T14:10:47.072+07:00  INFO 7632 --- [blood-donation-service] [main] .s.d.r.c.RepositoryConfigurationDelegate : Bootstrapping Spring Data JPA repositories in DEFAULT mode.
2025-12-29T14:10:47.294+07:00  INFO 7632 --- [blood-donation-service] [main] .s.d.r.c.RepositoryConfigurationDelegate : Finished Spring Data repository scanning in 212 ms. Found 10 JPA repository interfaces.
2025-12-29T14:10:47.965+07:00  INFO 7632 --- [blood-donation-service] [main] o.s.b.w.embedded.tomcat.TomcatWebServer  : Tomcat initialized with port 1760 (http)
2025-12-29T14:10:47.977+07:00  INFO 7632 --- [blood-donation-service] [main] o.apache.catalina.core.StandardService   : Starting service [Tomcat]
2025-12-29T14:10:47.978+07:00  INFO 7632 --- [blood-donation-service] [main] o.apache.catalina.core.StandardEngine    : Starting Servlet engine: [Apache Tomcat/10.1.49]
2025-12-29T14:10:48.036+07:00  INFO 7632 --- [blood-donation-service] [main] o.a.c.c.C.[Tomcat].[localhost].[/]       : Initializing Spring embedded WebApplicationContext
2025-12-29T14:10:48.037+07:00  INFO 7632 --- [blood-donation-service] [main] w.s.c.ServletWebServerApplicationContext : Root WebApplicationContext: initialization completed in 2049 ms
2025-12-29T14:10:48.363+07:00  INFO 7632 --- [blood-donation-service] [main] com.zaxxer.hikari.HikariDataSource       : blood-donation-pool - Starting...
2025-12-29T14:10:48.754+07:00  INFO 7632 --- [blood-donation-service] [main] com.zaxxer.hikari.pool.HikariPool        : blood-donation-pool - Added connection com.mysql.cj.jdbc.ConnectionImpl@13047d3d
2025-12-29T14:10:48.755+07:00  INFO 7632 --- [blood-donation-service] [main] com.zaxxer.hikari.HikariDataSource       : blood-donation-pool - Start completed.
2025-12-29T14:10:48.794+07:00  INFO 7632 --- [blood-donation-service] [main] org.flywaydb.core.FlywayExecutor         : Database: jdbc:mysql://localhost:3306/blood_donation_service_db?useUnicode=true&characterEncoding=UTF-8&useLegacyDatetimeCode=false&serverTimezone=UTC (MySQL 8.0)
2025-12-29T14:10:48.861+07:00  INFO 7632 --- [blood-donation-service] [main] o.f.core.internal.command.DbValidate     : Successfully validated 1 migration (execution time 00:00.038s)
2025-12-29T14:10:48.884+07:00  INFO 7632 --- [blood-donation-service] [main] o.f.core.internal.command.DbMigrate      : Current version of schema `blood_donation_service_db`: 1
2025-12-29T14:10:48.889+07:00  INFO 7632 --- [blood-donation-service] [main] o.f.core.internal.command.DbMigrate      : Schema `blood_donation_service_db` is up to date. No migration necessary.
2025-12-29T14:10:49.026+07:00  INFO 7632 --- [blood-donation-service] [main] o.hibernate.jpa.internal.util.LogHelper  : HHH000204: Processing PersistenceUnitInfo [name: default]
2025-12-29T14:10:49.104+07:00  INFO 7632 --- [blood-donation-service] [main] org.hibernate.Version                    : HHH000412: Hibernate ORM core version 6.6.36.Final
2025-12-29T14:10:49.146+07:00  INFO 7632 --- [blood-donation-service] [main] o.h.c.internal.RegionFactoryInitiator    : HHH000026: Second-level cache disabled
2025-12-29T14:10:49.448+07:00  INFO 7632 --- [blood-donation-service] [main] o.s.o.j.p.SpringPersistenceUnitInfo      : No LoadTimeWeaver setup: ignoring JPA class transformer
2025-12-29T14:10:49.540+07:00  INFO 7632 --- [blood-donation-service] [main] org.hibernate.orm.connections.pooling    : HHH10001005: Database info:
	Database JDBC URL [Connecting through datasource 'HikariDataSource (blood-donation-pool)']
	Database driver: undefined/unknown
	Database version: 8.0.36
	Autocommit mode: undefined/unknown
	Isolation level: undefined/unknown
	Minimum pool size: undefined/unknown
	Maximum pool size: undefined/unknown
2025-12-29T14:10:50.590+07:00  INFO 7632 --- [blood-donation-service] [main] o.h.e.t.j.p.i.JtaPlatformInitiator       : HHH000489: No JTA platform available (set 'hibernate.transaction.jta.platform' to enable JTA platform integration)
2025-12-29T14:10:50.784+07:00  INFO 7632 --- [blood-donation-service] [main] j.LocalContainerEntityManagerFactoryBean : Initialized JPA EntityManagerFactory for persistence unit 'default'
2025-12-29T14:10:53.656+07:00  INFO 7632 --- [blood-donation-service] [main] o.s.d.j.r.query.QueryEnhancerFactory     : Hibernate is in classpath; If applicable, HQL parser will be used.
2025-12-29T14:10:54.836+07:00  INFO 7632 --- [blood-donation-service] [main] o.s.b.a.e.web.EndpointLinksResolver      : Exposing 1 endpoint beneath base path '/actuator'
2025-12-29T14:10:54.860+07:00  INFO 7632 --- [blood-donation-service] [main] eAuthenticationProviderManagerConfigurer : Found 2 AuthenticationProvider beans, with names [jwtAuthenticationProvider, daoAuthenticationProvider]. Global Authentication Manager will not be configured with AuthenticationProviders. Consider publishing a single AuthenticationProvider bean, or wiring your Providers directly using the DSL.
2025-12-29T14:10:54.861+07:00  INFO 7632 --- [blood-donation-service] [main] r$InitializeUserDetailsManagerConfigurer : Global AuthenticationManager configured with UserDetailsService bean with name userDetailsServiceImpl
2025-12-29T14:10:55.368+07:00  INFO 7632 --- [blood-donation-service] [main] o.s.b.w.embedded.tomcat.TomcatWebServer  : Tomcat started on port 1760 (http) with context path '/'
2025-12-29T14:10:55.377+07:00  INFO 7632 --- [blood-donation-service] [main] c.i.b.BloodDonationServiceApplication    : Started BloodDonationServiceApplication in 9.877 seconds (process running for 12.15)
2025-12-29T14:10:55.948+07:00  INFO 7632 --- [blood-donation-service] [RMI TCP Connection(2)-192.168.1.4] o.a.c.c.C.[Tomcat].[localhost].[/]       : Initializing Spring DispatcherServlet 'dispatcherServlet'
2025-12-29T14:10:55.948+07:00  INFO 7632 --- [blood-donation-service] [RMI TCP Connection(2)-192.168.1.4] o.s.web.servlet.DispatcherServlet        : Initializing Servlet 'dispatcherServlet'
2025-12-29T14:10:55.952+07:00  INFO 7632 --- [blood-donation-service] [RMI TCP Connection(2)-192.168.1.4] o.s.web.servlet.DispatcherServlet        : Completed initialization in 3 ms
2025-12-29T14:36:04.514+07:00  INFO 7632 --- [blood-donation-service] [SpringApplicationShutdownHook] o.s.b.w.e.tomcat.GracefulShutdown        : Commencing graceful shutdown. Waiting for active requests to complete
2025-12-29T14:36:04.523+07:00  INFO 7632 --- [blood-donation-service] [tomcat-shutdown] o.s.b.w.e.tomcat.GracefulShutdown        : Graceful shutdown complete
2025-12-29T14:36:04.548+07:00  INFO 7632 --- [blood-donation-service] [SpringApplicationShutdownHook] j.LocalContainerEntityManagerFactoryBean : Closing JPA EntityManagerFactory for persistence unit 'default'
2025-12-29T14:36:04.551+07:00  INFO 7632 --- [blood-donation-service] [SpringApplicationShutdownHook] com.zaxxer.hikari.HikariDataSource       : blood-donation-pool - Shutdown initiated...
2025-12-29T14:36:04.565+07:00  INFO 7632 --- [blood-donation-service] [SpringApplicationShutdownHook] com.zaxxer.hikari.HikariDataSource       : blood-donation-pool - Shutdown completed.
2025-12-29T14:36:17.384+07:00  INFO 25104 --- [blood-donation-service] [main] c.i.b.BloodDonationServiceApplication    : Starting BloodDonationServiceApplication using Java 21.0.9 with PID 25104 (D:\document\Springboot\blood-donation-service\target\classes started by CC_computer in D:\document\Springboot\blood-donation-service)
2025-12-29T14:36:17.385+07:00  INFO 25104 --- [blood-donation-service] [main] c.i.b.BloodDonationServiceApplication    : No active profile set, falling back to 1 default profile: "default"
2025-12-29T14:36:18.418+07:00  INFO 25104 --- [blood-donation-service] [main] .s.d.r.c.RepositoryConfigurationDelegate : Bootstrapping Spring Data JPA repositories in DEFAULT mode.
2025-12-29T14:36:18.594+07:00  INFO 25104 --- [blood-donation-service] [main] .s.d.r.c.RepositoryConfigurationDelegate : Finished Spring Data repository scanning in 167 ms. Found 10 JPA repository interfaces.
2025-12-29T14:36:19.158+07:00  INFO 25104 --- [blood-donation-service] [main] o.s.b.w.embedded.tomcat.TomcatWebServer  : Tomcat initialized with port 1760 (http)
2025-12-29T14:36:19.170+07:00  INFO 25104 --- [blood-donation-service] [main] o.apache.catalina.core.StandardService   : Starting service [Tomcat]
2025-12-29T14:36:19.170+07:00  INFO 25104 --- [blood-donation-service] [main] o.apache.catalina.core.StandardEngine    : Starting Servlet engine: [Apache Tomcat/10.1.49]
2025-12-29T14:36:19.235+07:00  INFO 25104 --- [blood-donation-service] [main] o.a.c.c.C.[Tomcat].[localhost].[/]       : Initializing Spring embedded WebApplicationContext
2025-12-29T14:36:19.235+07:00  INFO 25104 --- [blood-donation-service] [main] w.s.c.ServletWebServerApplicationContext : Root WebApplicationContext: initialization completed in 1815 ms
2025-12-29T14:36:19.558+07:00  INFO 25104 --- [blood-donation-service] [main] com.zaxxer.hikari.HikariDataSource       : blood-donation-pool - Starting...
2025-12-29T14:36:19.847+07:00  INFO 25104 --- [blood-donation-service] [main] com.zaxxer.hikari.pool.HikariPool        : blood-donation-pool - Added connection com.mysql.cj.jdbc.ConnectionImpl@5bb3dee7
2025-12-29T14:36:19.849+07:00  INFO 25104 --- [blood-donation-service] [main] com.zaxxer.hikari.HikariDataSource       : blood-donation-pool - Start completed.
2025-12-29T14:36:19.882+07:00  INFO 25104 --- [blood-donation-service] [main] org.flywaydb.core.FlywayExecutor         : Database: jdbc:mysql://localhost:3306/blood_donation_service_db?useUnicode=true&characterEncoding=UTF-8&useLegacyDatetimeCode=false&serverTimezone=UTC (MySQL 8.0)
2025-12-29T14:36:19.943+07:00  INFO 25104 --- [blood-donation-service] [main] o.f.core.internal.command.DbValidate     : Successfully validated 1 migration (execution time 00:00.034s)
2025-12-29T14:36:19.968+07:00  INFO 25104 --- [blood-donation-service] [main] o.f.core.internal.command.DbMigrate      : Current version of schema `blood_donation_service_db`: 1
2025-12-29T14:36:19.973+07:00  INFO 25104 --- [blood-donation-service] [main] o.f.core.internal.command.DbMigrate      : Schema `blood_donation_service_db` is up to date. No migration necessary.
2025-12-29T14:36:20.073+07:00  INFO 25104 --- [blood-donation-service] [main] o.hibernate.jpa.internal.util.LogHelper  : HHH000204: Processing PersistenceUnitInfo [name: default]
2025-12-29T14:36:20.138+07:00  INFO 25104 --- [blood-donation-service] [main] org.hibernate.Version                    : HHH000412: Hibernate ORM core version 6.6.36.Final
2025-12-29T14:36:20.170+07:00  INFO 25104 --- [blood-donation-service] [main] o.h.c.internal.RegionFactoryInitiator    : HHH000026: Second-level cache disabled
2025-12-29T14:36:20.429+07:00  INFO 25104 --- [blood-donation-service] [main] o.s.o.j.p.SpringPersistenceUnitInfo      : No LoadTimeWeaver setup: ignoring JPA class transformer
2025-12-29T14:36:20.499+07:00  INFO 25104 --- [blood-donation-service] [main] org.hibernate.orm.connections.pooling    : HHH10001005: Database info:
	Database JDBC URL [Connecting through datasource 'HikariDataSource (blood-donation-pool)']
	Database driver: undefined/unknown
	Database version: 8.0.36
	Autocommit mode: undefined/unknown
	Isolation level: undefined/unknown
	Minimum pool size: undefined/unknown
	Maximum pool size: undefined/unknown
2025-12-29T14:36:21.512+07:00  INFO 25104 --- [blood-donation-service] [main] o.h.e.t.j.p.i.JtaPlatformInitiator       : HHH000489: No JTA platform available (set 'hibernate.transaction.jta.platform' to enable JTA platform integration)
2025-12-29T14:36:21.666+07:00  INFO 25104 --- [blood-donation-service] [main] j.LocalContainerEntityManagerFactoryBean : Initialized JPA EntityManagerFactory for persistence unit 'default'
2025-12-29T14:36:25.276+07:00  INFO 25104 --- [blood-donation-service] [main] o.s.d.j.r.query.QueryEnhancerFactory     : Hibernate is in classpath; If applicable, HQL parser will be used.
2025-12-29T14:36:26.435+07:00  INFO 25104 --- [blood-donation-service] [main] o.s.b.a.e.web.EndpointLinksResolver      : Exposing 1 endpoint beneath base path '/actuator'
2025-12-29T14:36:26.465+07:00  INFO 25104 --- [blood-donation-service] [main] eAuthenticationProviderManagerConfigurer : Found 2 AuthenticationProvider beans, with names [jwtAuthenticationProvider, daoAuthenticationProvider]. Global Authentication Manager will not be configured with AuthenticationProviders. Consider publishing a single AuthenticationProvider bean, or wiring your Providers directly using the DSL.
2025-12-29T14:36:26.466+07:00  INFO 25104 --- [blood-donation-service] [main] r$InitializeUserDetailsManagerConfigurer : Global AuthenticationManager configured with UserDetailsService bean with name userDetailsServiceImpl
2025-12-29T14:36:26.970+07:00  INFO 25104 --- [blood-donation-service] [main] o.s.b.w.embedded.tomcat.TomcatWebServer  : Tomcat started on port 1760 (http) with context path '/'
2025-12-29T14:36:26.978+07:00  INFO 25104 --- [blood-donation-service] [main] c.i.b.BloodDonationServiceApplication    : Started BloodDonationServiceApplication in 10.094 seconds (process running for 11.332)
2025-12-29T14:36:27.471+07:00  INFO 25104 --- [blood-donation-service] [RMI TCP Connection(3)-192.168.1.4] o.a.c.c.C.[Tomcat].[localhost].[/]       : Initializing Spring DispatcherServlet 'dispatcherServlet'
2025-12-29T14:36:27.472+07:00  INFO 25104 --- [blood-donation-service] [RMI TCP Connection(3)-192.168.1.4] o.s.web.servlet.DispatcherServlet        : Initializing Servlet 'dispatcherServlet'
2025-12-29T14:36:27.474+07:00  INFO 25104 --- [blood-donation-service] [RMI TCP Connection(3)-192.168.1.4] o.s.web.servlet.DispatcherServlet        : Completed initialization in 2 ms
2025-12-29T14:37:44.523+07:00  INFO 25104 --- [blood-donation-service] [http-nio-1760-exec-2] c.i.b.d.b.a.a.AuthServiceFacade          : authenticated user: [ROLE_USER]
2025-12-29T14:37:44.524+07:00  INFO 25104 --- [blood-donation-service] [http-nio-1760-exec-2] c.i.b.d.b.a.a.AuthServiceFacade          : scope: ROLE_USER
2025-12-29T14:37:48.553+07:00  INFO 25104 --- [blood-donation-service] [http-nio-1760-exec-3] c.i.b.i.Config.Security.SecurityConfig   : JWT Subject (User ID): 12393769
2025-12-29T14:37:48.553+07:00  INFO 25104 --- [blood-donation-service] [http-nio-1760-exec-3] c.i.b.i.Config.Security.SecurityConfig   : JWT Scope: ROLE_USER
2025-12-29T14:38:23.060+07:00  INFO 25104 --- [blood-donation-service] [http-nio-1760-exec-9] c.i.b.i.Config.Security.SecurityConfig   : JWT Subject (User ID): 12393769
2025-12-29T14:38:23.060+07:00  INFO 25104 --- [blood-donation-service] [http-nio-1760-exec-9] c.i.b.i.Config.Security.SecurityConfig   : JWT Scope: ROLE_USER
2025-12-29T14:38:59.414+07:00  INFO 25104 --- [blood-donation-service] [http-nio-1760-exec-7] c.i.b.i.Config.Security.SecurityConfig   : JWT Subject (User ID): 12393769
2025-12-29T14:38:59.414+07:00  INFO 25104 --- [blood-donation-service] [http-nio-1760-exec-7] c.i.b.i.Config.Security.SecurityConfig   : JWT Scope: ROLE_USER
2025-12-29T14:38:59.448+07:00  INFO 25104 --- [blood-donation-service] [http-nio-1760-exec-7] c.i.b.s.h.m.MetadataHandlerAspect        : ========== METADATA HANDLER START ==========
2025-12-29T14:38:59.448+07:00  INFO 25104 --- [blood-donation-service] [http-nio-1760-exec-7] c.i.b.s.h.m.MetadataHandlerAspect        : User ID: 1
2025-12-29T14:38:59.449+07:00  INFO 25104 --- [blood-donation-service] [http-nio-1760-exec-7] c.i.b.s.h.m.MetadataHandlerAspect        : Phone Number: 12393769
2025-12-29T14:38:59.449+07:00  INFO 25104 --- [blood-donation-service] [http-nio-1760-exec-7] c.i.b.s.h.m.MetadataHandlerAspect        : Role/Scope: ROLE_USER
2025-12-29T14:38:59.449+07:00  INFO 25104 --- [blood-donation-service] [http-nio-1760-exec-7] c.i.b.s.h.m.MetadataHandlerAspect        : ========== METADATA HANDLER END ==========
2025-12-29T14:42:33.270+07:00  INFO 25104 --- [blood-donation-service] [http-nio-1760-exec-1] c.i.b.i.Config.Security.SecurityConfig   : JWT Subject (User ID): 12393769
2025-12-29T14:42:33.270+07:00  INFO 25104 --- [blood-donation-service] [http-nio-1760-exec-1] c.i.b.i.Config.Security.SecurityConfig   : JWT Scope: ROLE_USER
2025-12-29T14:42:49.107+07:00  INFO 25104 --- [blood-donation-service] [http-nio-1760-exec-3] c.i.b.i.Config.Security.SecurityConfig   : JWT Subject (User ID): 12393769
2025-12-29T14:42:49.107+07:00  INFO 25104 --- [blood-donation-service] [http-nio-1760-exec-3] c.i.b.i.Config.Security.SecurityConfig   : JWT Scope: ROLE_USER
2025-12-29T14:42:56.378+07:00  INFO 25104 --- [blood-donation-service] [http-nio-1760-exec-9] c.i.b.i.Config.Security.SecurityConfig   : JWT Subject (User ID): 12393769
2025-12-29T14:42:56.379+07:00  INFO 25104 --- [blood-donation-service] [http-nio-1760-exec-9] c.i.b.i.Config.Security.SecurityConfig   : JWT Scope: ROLE_USER
2025-12-29T14:48:01.678+07:00  INFO 25104 --- [blood-donation-service] [http-nio-1760-exec-7] c.i.b.i.Config.Security.SecurityConfig   : JWT Subject (User ID): 12393769
2025-12-29T14:48:01.679+07:00  INFO 25104 --- [blood-donation-service] [http-nio-1760-exec-7] c.i.b.i.Config.Security.SecurityConfig   : JWT Scope: ROLE_USER
2025-12-29T14:48:03.156+07:00  INFO 25104 --- [blood-donation-service] [http-nio-1760-exec-5] c.i.b.i.Config.Security.SecurityConfig   : JWT Subject (User ID): 12393769
2025-12-29T14:48:03.156+07:00  INFO 25104 --- [blood-donation-service] [http-nio-1760-exec-5] c.i.b.i.Config.Security.SecurityConfig   : JWT Scope: ROLE_USER
2025-12-29T14:48:17.147+07:00  INFO 25104 --- [blood-donation-service] [http-nio-1760-exec-1] c.i.b.i.Config.Security.SecurityConfig   : JWT Subject (User ID): 12393769
2025-12-29T14:48:17.147+07:00  INFO 25104 --- [blood-donation-service] [http-nio-1760-exec-1] c.i.b.i.Config.Security.SecurityConfig   : JWT Scope: ROLE_USER
2025-12-29T14:48:26.471+07:00  INFO 25104 --- [blood-donation-service] [SpringApplicationShutdownHook] o.s.b.w.e.tomcat.GracefulShutdown        : Commencing graceful shutdown. Waiting for active requests to complete
2025-12-29T14:48:26.481+07:00  INFO 25104 --- [blood-donation-service] [tomcat-shutdown] o.s.b.w.e.tomcat.GracefulShutdown        : Graceful shutdown complete
2025-12-29T14:48:26.509+07:00  INFO 25104 --- [blood-donation-service] [SpringApplicationShutdownHook] j.LocalContainerEntityManagerFactoryBean : Closing JPA EntityManagerFactory for persistence unit 'default'
2025-12-29T14:48:26.512+07:00  INFO 25104 --- [blood-donation-service] [SpringApplicationShutdownHook] com.zaxxer.hikari.HikariDataSource       : blood-donation-pool - Shutdown initiated...
2025-12-29T14:48:26.527+07:00  INFO 25104 --- [blood-donation-service] [SpringApplicationShutdownHook] com.zaxxer.hikari.HikariDataSource       : blood-donation-pool - Shutdown completed.
2025-12-29T14:48:30.393+07:00  INFO 16988 --- [blood-donation-service] [main] c.i.b.BloodDonationServiceApplication    : Starting BloodDonationServiceApplication using Java 21.0.9 with PID 16988 (D:\document\Springboot\blood-donation-service\target\classes started by CC_computer in D:\document\Springboot\blood-donation-service)
2025-12-29T14:48:30.395+07:00  INFO 16988 --- [blood-donation-service] [main] c.i.b.BloodDonationServiceApplication    : No active profile set, falling back to 1 default profile: "default"
2025-12-29T14:48:31.373+07:00  INFO 16988 --- [blood-donation-service] [main] .s.d.r.c.RepositoryConfigurationDelegate : Bootstrapping Spring Data JPA repositories in DEFAULT mode.
2025-12-29T14:48:31.552+07:00  INFO 16988 --- [blood-donation-service] [main] .s.d.r.c.RepositoryConfigurationDelegate : Finished Spring Data repository scanning in 170 ms. Found 10 JPA repository interfaces.
2025-12-29T14:48:32.162+07:00  INFO 16988 --- [blood-donation-service] [main] o.s.b.w.embedded.tomcat.TomcatWebServer  : Tomcat initialized with port 1760 (http)
2025-12-29T14:48:32.172+07:00  INFO 16988 --- [blood-donation-service] [main] o.apache.catalina.core.StandardService   : Starting service [Tomcat]
2025-12-29T14:48:32.175+07:00  INFO 16988 --- [blood-donation-service] [main] o.apache.catalina.core.StandardEngine    : Starting Servlet engine: [Apache Tomcat/10.1.49]
2025-12-29T14:48:32.229+07:00  INFO 16988 --- [blood-donation-service] [main] o.a.c.c.C.[Tomcat].[localhost].[/]       : Initializing Spring embedded WebApplicationContext
2025-12-29T14:48:32.230+07:00  INFO 16988 --- [blood-donation-service] [main] w.s.c.ServletWebServerApplicationContext : Root WebApplicationContext: initialization completed in 1801 ms
2025-12-29T14:48:32.557+07:00  INFO 16988 --- [blood-donation-service] [main] com.zaxxer.hikari.HikariDataSource       : blood-donation-pool - Starting...
2025-12-29T14:48:32.867+07:00  INFO 16988 --- [blood-donation-service] [main] com.zaxxer.hikari.pool.HikariPool        : blood-donation-pool - Added connection com.mysql.cj.jdbc.ConnectionImpl@1d535b78
2025-12-29T14:48:32.869+07:00  INFO 16988 --- [blood-donation-service] [main] com.zaxxer.hikari.HikariDataSource       : blood-donation-pool - Start completed.
2025-12-29T14:48:32.905+07:00  INFO 16988 --- [blood-donation-service] [main] org.flywaydb.core.FlywayExecutor         : Database: jdbc:mysql://localhost:3306/blood_donation_service_db?useUnicode=true&characterEncoding=UTF-8&useLegacyDatetimeCode=false&serverTimezone=UTC (MySQL 8.0)
2025-12-29T14:48:32.970+07:00  INFO 16988 --- [blood-donation-service] [main] o.f.core.internal.command.DbValidate     : Successfully validated 1 migration (execution time 00:00.033s)
2025-12-29T14:48:32.995+07:00  INFO 16988 --- [blood-donation-service] [main] o.f.core.internal.command.DbMigrate      : Current version of schema `blood_donation_service_db`: 1
2025-12-29T14:48:33.000+07:00  INFO 16988 --- [blood-donation-service] [main] o.f.core.internal.command.DbMigrate      : Schema `blood_donation_service_db` is up to date. No migration necessary.
2025-12-29T14:48:33.110+07:00  INFO 16988 --- [blood-donation-service] [main] o.hibernate.jpa.internal.util.LogHelper  : HHH000204: Processing PersistenceUnitInfo [name: default]
2025-12-29T14:48:33.168+07:00  INFO 16988 --- [blood-donation-service] [main] org.hibernate.Version                    : HHH000412: Hibernate ORM core version 6.6.36.Final
2025-12-29T14:48:33.202+07:00  INFO 16988 --- [blood-donation-service] [main] o.h.c.internal.RegionFactoryInitiator    : HHH000026: Second-level cache disabled
2025-12-29T14:48:33.468+07:00  INFO 16988 --- [blood-donation-service] [main] o.s.o.j.p.SpringPersistenceUnitInfo      : No LoadTimeWeaver setup: ignoring JPA class transformer
2025-12-29T14:48:33.543+07:00  INFO 16988 --- [blood-donation-service] [main] org.hibernate.orm.connections.pooling    : HHH10001005: Database info:
	Database JDBC URL [Connecting through datasource 'HikariDataSource (blood-donation-pool)']
	Database driver: undefined/unknown
	Database version: 8.0.36
	Autocommit mode: undefined/unknown
	Isolation level: undefined/unknown
	Minimum pool size: undefined/unknown
	Maximum pool size: undefined/unknown
2025-12-29T14:48:34.552+07:00  INFO 16988 --- [blood-donation-service] [main] o.h.e.t.j.p.i.JtaPlatformInitiator       : HHH000489: No JTA platform available (set 'hibernate.transaction.jta.platform' to enable JTA platform integration)
2025-12-29T14:48:34.714+07:00  INFO 16988 --- [blood-donation-service] [main] j.LocalContainerEntityManagerFactoryBean : Initialized JPA EntityManagerFactory for persistence unit 'default'
2025-12-29T14:48:50.842+07:00  INFO 16988 --- [blood-donation-service] [main] o.s.d.j.r.query.QueryEnhancerFactory     : Hibernate is in classpath; If applicable, HQL parser will be used.
2025-12-29T14:48:53.080+07:00  INFO 16988 --- [blood-donation-service] [main] o.s.b.a.e.web.EndpointLinksResolver      : Exposing 1 endpoint beneath base path '/actuator'
2025-12-29T14:48:53.130+07:00  INFO 16988 --- [blood-donation-service] [main] eAuthenticationProviderManagerConfigurer : Found 2 AuthenticationProvider beans, with names [jwtAuthenticationProvider, daoAuthenticationProvider]. Global Authentication Manager will not be configured with AuthenticationProviders. Consider publishing a single AuthenticationProvider bean, or wiring your Providers directly using the DSL.
2025-12-29T14:48:53.133+07:00  INFO 16988 --- [blood-donation-service] [main] r$InitializeUserDetailsManagerConfigurer : Global AuthenticationManager configured with UserDetailsService bean with name userDetailsServiceImpl
2025-12-29T14:48:54.091+07:00  INFO 16988 --- [blood-donation-service] [main] o.s.b.w.embedded.tomcat.TomcatWebServer  : Tomcat started on port 1760 (http) with context path '/'
2025-12-29T14:48:54.111+07:00  INFO 16988 --- [blood-donation-service] [main] c.i.b.BloodDonationServiceApplication    : Started BloodDonationServiceApplication in 24.188 seconds (process running for 24.982)
2025-12-29T14:48:54.704+07:00  INFO 16988 --- [blood-donation-service] [http-nio-1760-exec-1] o.a.c.c.C.[Tomcat].[localhost].[/]       : Initializing Spring DispatcherServlet 'dispatcherServlet'
2025-12-29T14:48:54.705+07:00  INFO 16988 --- [blood-donation-service] [http-nio-1760-exec-1] o.s.web.servlet.DispatcherServlet        : Initializing Servlet 'dispatcherServlet'
2025-12-29T14:48:54.710+07:00  INFO 16988 --- [blood-donation-service] [http-nio-1760-exec-1] o.s.web.servlet.DispatcherServlet        : Completed initialization in 5 ms
2025-12-29T14:48:55.483+07:00  INFO 16988 --- [blood-donation-service] [http-nio-1760-exec-1] c.i.b.d.b.a.a.AuthServiceFacade          : authenticated user: [ROLE_USER]
2025-12-29T14:48:55.484+07:00  INFO 16988 --- [blood-donation-service] [http-nio-1760-exec-1] c.i.b.d.b.a.a.AuthServiceFacade          : scope: ROLE_USER
2025-12-29T14:48:59.061+07:00  INFO 16988 --- [blood-donation-service] [http-nio-1760-exec-3] c.i.b.i.Config.Security.SecurityConfig   : JWT Subject (User ID): 12393769
2025-12-29T14:48:59.062+07:00  INFO 16988 --- [blood-donation-service] [http-nio-1760-exec-3] c.i.b.i.Config.Security.SecurityConfig   : JWT Scope: ROLE_USER
2025-12-29T14:48:59.116+07:00  INFO 16988 --- [blood-donation-service] [http-nio-1760-exec-3] c.i.b.s.h.m.MetadataHandlerAspect        : ========== METADATA HANDLER START ==========
2025-12-29T14:48:59.117+07:00  INFO 16988 --- [blood-donation-service] [http-nio-1760-exec-3] c.i.b.s.h.m.MetadataHandlerAspect        : User ID: 1
2025-12-29T14:48:59.117+07:00  INFO 16988 --- [blood-donation-service] [http-nio-1760-exec-3] c.i.b.s.h.m.MetadataHandlerAspect        : Phone Number: 12393769
2025-12-29T14:48:59.117+07:00  INFO 16988 --- [blood-donation-service] [http-nio-1760-exec-3] c.i.b.s.h.m.MetadataHandlerAspect        : Role/Scope: ROLE_USER
2025-12-29T14:48:59.118+07:00  INFO 16988 --- [blood-donation-service] [http-nio-1760-exec-3] c.i.b.s.h.m.MetadataHandlerAspect        : ========== METADATA HANDLER END ==========
2025-12-29T14:49:01.754+07:00  INFO 16988 --- [blood-donation-service] [http-nio-1760-exec-4] c.i.b.i.Config.Security.SecurityConfig   : JWT Subject (User ID): 12393769
2025-12-29T14:49:01.755+07:00  INFO 16988 --- [blood-donation-service] [http-nio-1760-exec-4] c.i.b.i.Config.Security.SecurityConfig   : JWT Scope: ROLE_USER
2025-12-29T14:49:01.780+07:00  INFO 16988 --- [blood-donation-service] [http-nio-1760-exec-4] c.i.b.s.h.m.MetadataHandlerAspect        : ========== METADATA HANDLER START ==========
2025-12-29T14:49:01.780+07:00  INFO 16988 --- [blood-donation-service] [http-nio-1760-exec-4] c.i.b.s.h.m.MetadataHandlerAspect        : User ID: 1
2025-12-29T14:49:01.780+07:00  INFO 16988 --- [blood-donation-service] [http-nio-1760-exec-4] c.i.b.s.h.m.MetadataHandlerAspect        : Phone Number: 12393769
2025-12-29T14:49:01.780+07:00  INFO 16988 --- [blood-donation-service] [http-nio-1760-exec-4] c.i.b.s.h.m.MetadataHandlerAspect        : Role/Scope: ROLE_USER
2025-12-29T14:49:01.781+07:00  INFO 16988 --- [blood-donation-service] [http-nio-1760-exec-4] c.i.b.s.h.m.MetadataHandlerAspect        : ========== METADATA HANDLER END ==========
2025-12-29T14:55:26.064+07:00  INFO 16988 --- [blood-donation-service] [SpringApplicationShutdownHook] o.s.b.w.e.tomcat.GracefulShutdown        : Commencing graceful shutdown. Waiting for active requests to complete
2025-12-29T14:55:26.076+07:00  INFO 16988 --- [blood-donation-service] [tomcat-shutdown] o.s.b.w.e.tomcat.GracefulShutdown        : Graceful shutdown complete
2025-12-29T14:55:26.119+07:00  INFO 16988 --- [blood-donation-service] [SpringApplicationShutdownHook] j.LocalContainerEntityManagerFactoryBean : Closing JPA EntityManagerFactory for persistence unit 'default'
2025-12-29T14:55:26.124+07:00  INFO 16988 --- [blood-donation-service] [SpringApplicationShutdownHook] com.zaxxer.hikari.HikariDataSource       : blood-donation-pool - Shutdown initiated...
2025-12-29T14:55:26.144+07:00  INFO 16988 --- [blood-donation-service] [SpringApplicationShutdownHook] com.zaxxer.hikari.HikariDataSource       : blood-donation-pool - Shutdown completed.
2025-12-29T14:55:40.622+07:00  INFO 9740 --- [blood-donation-service] [main] c.i.b.BloodDonationServiceApplication    : Starting BloodDonationServiceApplication using Java 21.0.9 with PID 9740 (D:\document\Springboot\blood-donation-service\target\classes started by CC_computer in D:\document\Springboot\blood-donation-service)
2025-12-29T14:55:40.624+07:00  INFO 9740 --- [blood-donation-service] [main] c.i.b.BloodDonationServiceApplication    : No active profile set, falling back to 1 default profile: "default"
2025-12-29T14:55:41.642+07:00  INFO 9740 --- [blood-donation-service] [main] .s.d.r.c.RepositoryConfigurationDelegate : Bootstrapping Spring Data JPA repositories in DEFAULT mode.
2025-12-29T14:55:41.820+07:00  INFO 9740 --- [blood-donation-service] [main] .s.d.r.c.RepositoryConfigurationDelegate : Finished Spring Data repository scanning in 170 ms. Found 10 JPA repository interfaces.
2025-12-29T14:55:42.399+07:00  INFO 9740 --- [blood-donation-service] [main] o.s.b.w.embedded.tomcat.TomcatWebServer  : Tomcat initialized with port 1760 (http)
2025-12-29T14:55:42.409+07:00  INFO 9740 --- [blood-donation-service] [main] o.apache.catalina.core.StandardService   : Starting service [Tomcat]
2025-12-29T14:55:42.410+07:00  INFO 9740 --- [blood-donation-service] [main] o.apache.catalina.core.StandardEngine    : Starting Servlet engine: [Apache Tomcat/10.1.49]
2025-12-29T14:55:42.467+07:00  INFO 9740 --- [blood-donation-service] [main] o.a.c.c.C.[Tomcat].[localhost].[/]       : Initializing Spring embedded WebApplicationContext
2025-12-29T14:55:42.468+07:00  INFO 9740 --- [blood-donation-service] [main] w.s.c.ServletWebServerApplicationContext : Root WebApplicationContext: initialization completed in 1812 ms
2025-12-29T14:55:42.807+07:00  INFO 9740 --- [blood-donation-service] [main] com.zaxxer.hikari.HikariDataSource       : blood-donation-pool - Starting...
2025-12-29T14:55:43.098+07:00  INFO 9740 --- [blood-donation-service] [main] com.zaxxer.hikari.pool.HikariPool        : blood-donation-pool - Added connection com.mysql.cj.jdbc.ConnectionImpl@51fa09c7
2025-12-29T14:55:43.101+07:00  INFO 9740 --- [blood-donation-service] [main] com.zaxxer.hikari.HikariDataSource       : blood-donation-pool - Start completed.
2025-12-29T14:55:43.136+07:00  INFO 9740 --- [blood-donation-service] [main] org.flywaydb.core.FlywayExecutor         : Database: jdbc:mysql://localhost:3306/blood_donation_service_db?useUnicode=true&characterEncoding=UTF-8&useLegacyDatetimeCode=false&serverTimezone=UTC (MySQL 8.0)
2025-12-29T14:55:43.197+07:00  INFO 9740 --- [blood-donation-service] [main] o.f.core.internal.command.DbValidate     : Successfully validated 1 migration (execution time 00:00.031s)
2025-12-29T14:55:43.222+07:00  INFO 9740 --- [blood-donation-service] [main] o.f.core.internal.command.DbMigrate      : Current version of schema `blood_donation_service_db`: 1
2025-12-29T14:55:43.226+07:00  INFO 9740 --- [blood-donation-service] [main] o.f.core.internal.command.DbMigrate      : Schema `blood_donation_service_db` is up to date. No migration necessary.
2025-12-29T14:55:43.340+07:00  INFO 9740 --- [blood-donation-service] [main] o.hibernate.jpa.internal.util.LogHelper  : HHH000204: Processing PersistenceUnitInfo [name: default]
2025-12-29T14:55:43.401+07:00  INFO 9740 --- [blood-donation-service] [main] org.hibernate.Version                    : HHH000412: Hibernate ORM core version 6.6.36.Final
2025-12-29T14:55:43.435+07:00  INFO 9740 --- [blood-donation-service] [main] o.h.c.internal.RegionFactoryInitiator    : HHH000026: Second-level cache disabled
2025-12-29T14:55:43.701+07:00  INFO 9740 --- [blood-donation-service] [main] o.s.o.j.p.SpringPersistenceUnitInfo      : No LoadTimeWeaver setup: ignoring JPA class transformer
2025-12-29T14:55:43.779+07:00  INFO 9740 --- [blood-donation-service] [main] org.hibernate.orm.connections.pooling    : HHH10001005: Database info:
	Database JDBC URL [Connecting through datasource 'HikariDataSource (blood-donation-pool)']
	Database driver: undefined/unknown
	Database version: 8.0.36
	Autocommit mode: undefined/unknown
	Isolation level: undefined/unknown
	Minimum pool size: undefined/unknown
	Maximum pool size: undefined/unknown
2025-12-29T14:55:44.807+07:00  INFO 9740 --- [blood-donation-service] [main] o.h.e.t.j.p.i.JtaPlatformInitiator       : HHH000489: No JTA platform available (set 'hibernate.transaction.jta.platform' to enable JTA platform integration)
2025-12-29T14:55:44.975+07:00  INFO 9740 --- [blood-donation-service] [main] j.LocalContainerEntityManagerFactoryBean : Initialized JPA EntityManagerFactory for persistence unit 'default'
2025-12-29T14:55:51.067+07:00  INFO 9740 --- [blood-donation-service] [main] o.s.d.j.r.query.QueryEnhancerFactory     : Hibernate is in classpath; If applicable, HQL parser will be used.
2025-12-29T14:55:52.120+07:00  INFO 9740 --- [blood-donation-service] [main] o.s.b.a.e.web.EndpointLinksResolver      : Exposing 1 endpoint beneath base path '/actuator'
2025-12-29T14:55:52.142+07:00  INFO 9740 --- [blood-donation-service] [main] eAuthenticationProviderManagerConfigurer : Found 2 AuthenticationProvider beans, with names [jwtAuthenticationProvider, daoAuthenticationProvider]. Global Authentication Manager will not be configured with AuthenticationProviders. Consider publishing a single AuthenticationProvider bean, or wiring your Providers directly using the DSL.
2025-12-29T14:55:52.145+07:00  INFO 9740 --- [blood-donation-service] [main] r$InitializeUserDetailsManagerConfigurer : Global AuthenticationManager configured with UserDetailsService bean with name userDetailsServiceImpl
2025-12-29T14:55:52.602+07:00  INFO 9740 --- [blood-donation-service] [main] o.s.b.w.embedded.tomcat.TomcatWebServer  : Tomcat started on port 1760 (http) with context path '/'
2025-12-29T14:55:52.612+07:00  INFO 9740 --- [blood-donation-service] [main] c.i.b.BloodDonationServiceApplication    : Started BloodDonationServiceApplication in 12.475 seconds (process running for 13.345)
2025-12-29T14:55:53.122+07:00  INFO 9740 --- [blood-donation-service] [RMI TCP Connection(1)-192.168.1.4] o.a.c.c.C.[Tomcat].[localhost].[/]       : Initializing Spring DispatcherServlet 'dispatcherServlet'
2025-12-29T14:55:53.122+07:00  INFO 9740 --- [blood-donation-service] [RMI TCP Connection(1)-192.168.1.4] o.s.web.servlet.DispatcherServlet        : Initializing Servlet 'dispatcherServlet'
2025-12-29T14:55:53.125+07:00  INFO 9740 --- [blood-donation-service] [RMI TCP Connection(1)-192.168.1.4] o.s.web.servlet.DispatcherServlet        : Completed initialization in 3 ms
2025-12-29T14:56:51.559+07:00  INFO 9740 --- [blood-donation-service] [http-nio-1760-exec-2] c.i.b.d.b.a.a.AuthServiceFacade          : authenticated user: [ROLE_USER]
2025-12-29T14:56:51.560+07:00  INFO 9740 --- [blood-donation-service] [http-nio-1760-exec-2] c.i.b.d.b.a.a.AuthServiceFacade          : scope: ROLE_USER
2025-12-29T14:56:54.705+07:00  INFO 9740 --- [blood-donation-service] [http-nio-1760-exec-5] c.i.b.i.Config.Security.SecurityConfig   : JWT Subject (User ID): 12345678
2025-12-29T14:56:54.705+07:00  INFO 9740 --- [blood-donation-service] [http-nio-1760-exec-5] c.i.b.i.Config.Security.SecurityConfig   : JWT Scope: ROLE_USER
2025-12-29T14:56:54.739+07:00  INFO 9740 --- [blood-donation-service] [http-nio-1760-exec-5] c.i.b.s.h.m.MetadataHandlerAspect        : ========== METADATA HANDLER START ==========
2025-12-29T14:56:54.739+07:00  INFO 9740 --- [blood-donation-service] [http-nio-1760-exec-5] c.i.b.s.h.m.MetadataHandlerAspect        : User ID: 1
2025-12-29T14:56:54.739+07:00  INFO 9740 --- [blood-donation-service] [http-nio-1760-exec-5] c.i.b.s.h.m.MetadataHandlerAspect        : Phone Number: 12345678
2025-12-29T14:56:54.741+07:00  INFO 9740 --- [blood-donation-service] [http-nio-1760-exec-5] c.i.b.s.h.m.MetadataHandlerAspect        : Role/Scope: ROLE_USER
2025-12-29T14:56:54.741+07:00  INFO 9740 --- [blood-donation-service] [http-nio-1760-exec-5] c.i.b.s.h.m.MetadataHandlerAspect        : ========== METADATA HANDLER END ==========
2025-12-29T14:57:09.071+07:00  INFO 9740 --- [blood-donation-service] [http-nio-1760-exec-6] c.i.b.i.Config.Security.SecurityConfig   : JWT Subject (User ID): 12345678
2025-12-29T14:57:09.071+07:00  INFO 9740 --- [blood-donation-service] [http-nio-1760-exec-6] c.i.b.i.Config.Security.SecurityConfig   : JWT Scope: ROLE_USER
2025-12-29T14:57:09.089+07:00  INFO 9740 --- [blood-donation-service] [http-nio-1760-exec-6] c.i.b.s.h.m.MetadataHandlerAspect        : ========== METADATA HANDLER START ==========
2025-12-29T14:57:09.089+07:00  INFO 9740 --- [blood-donation-service] [http-nio-1760-exec-6] c.i.b.s.h.m.MetadataHandlerAspect        : User ID: 1
2025-12-29T14:57:09.089+07:00  INFO 9740 --- [blood-donation-service] [http-nio-1760-exec-6] c.i.b.s.h.m.MetadataHandlerAspect        : Phone Number: 12345678
2025-12-29T14:57:09.090+07:00  INFO 9740 --- [blood-donation-service] [http-nio-1760-exec-6] c.i.b.s.h.m.MetadataHandlerAspect        : Role/Scope: ROLE_USER
2025-12-29T14:57:09.090+07:00  INFO 9740 --- [blood-donation-service] [http-nio-1760-exec-6] c.i.b.s.h.m.MetadataHandlerAspect        : ========== METADATA HANDLER END ==========
2025-12-29T14:57:16.184+07:00  INFO 9740 --- [blood-donation-service] [http-nio-1760-exec-7] c.i.b.i.Config.Security.SecurityConfig   : JWT Subject (User ID): 12345678
2025-12-29T14:57:16.184+07:00  INFO 9740 --- [blood-donation-service] [http-nio-1760-exec-7] c.i.b.i.Config.Security.SecurityConfig   : JWT Scope: ROLE_USER
2025-12-29T14:57:16.191+07:00  INFO 9740 --- [blood-donation-service] [http-nio-1760-exec-7] c.i.b.s.h.m.MetadataHandlerAspect        : ========== METADATA HANDLER START ==========
2025-12-29T14:57:16.191+07:00  INFO 9740 --- [blood-donation-service] [http-nio-1760-exec-7] c.i.b.s.h.m.MetadataHandlerAspect        : User ID: 1
2025-12-29T14:57:16.191+07:00  INFO 9740 --- [blood-donation-service] [http-nio-1760-exec-7] c.i.b.s.h.m.MetadataHandlerAspect        : Phone Number: 12345678
2025-12-29T14:57:16.191+07:00  INFO 9740 --- [blood-donation-service] [http-nio-1760-exec-7] c.i.b.s.h.m.MetadataHandlerAspect        : Role/Scope: ROLE_USER
2025-12-29T14:57:16.192+07:00  INFO 9740 --- [blood-donation-service] [http-nio-1760-exec-7] c.i.b.s.h.m.MetadataHandlerAspect        : ========== METADATA HANDLER END ==========
2025-12-29T15:20:08.115+07:00  INFO 9740 --- [blood-donation-service] [http-nio-1760-exec-3] c.i.b.i.Config.Security.SecurityConfig   : JWT Subject (User ID): 12345678
2025-12-29T15:20:08.115+07:00  INFO 9740 --- [blood-donation-service] [http-nio-1760-exec-3] c.i.b.i.Config.Security.SecurityConfig   : JWT Scope: ROLE_USER
2025-12-29T15:20:08.125+07:00  INFO 9740 --- [blood-donation-service] [http-nio-1760-exec-3] c.i.b.s.h.m.MetadataHandlerAspect        : ========== METADATA HANDLER START ==========
2025-12-29T15:20:08.126+07:00  INFO 9740 --- [blood-donation-service] [http-nio-1760-exec-3] c.i.b.s.h.m.MetadataHandlerAspect        : User ID: 1
2025-12-29T15:20:08.126+07:00  INFO 9740 --- [blood-donation-service] [http-nio-1760-exec-3] c.i.b.s.h.m.MetadataHandlerAspect        : Phone Number: 12345678
2025-12-29T15:20:08.126+07:00  INFO 9740 --- [blood-donation-service] [http-nio-1760-exec-3] c.i.b.s.h.m.MetadataHandlerAspect        : Role/Scope: ROLE_USER
2025-12-29T15:20:08.126+07:00  INFO 9740 --- [blood-donation-service] [http-nio-1760-exec-3] c.i.b.s.h.m.MetadataHandlerAspect        : ========== METADATA HANDLER END ==========
2025-12-29T15:20:16.584+07:00  INFO 9740 --- [blood-donation-service] [http-nio-1760-exec-2] c.i.b.i.Config.Security.SecurityConfig   : JWT Subject (User ID): 12345678
2025-12-29T15:20:16.585+07:00  INFO 9740 --- [blood-donation-service] [http-nio-1760-exec-2] c.i.b.i.Config.Security.SecurityConfig   : JWT Scope: ROLE_USER
2025-12-29T15:20:16.592+07:00  INFO 9740 --- [blood-donation-service] [http-nio-1760-exec-2] c.i.b.s.h.m.MetadataHandlerAspect        : ========== METADATA HANDLER START ==========
2025-12-29T15:20:16.592+07:00  INFO 9740 --- [blood-donation-service] [http-nio-1760-exec-2] c.i.b.s.h.m.MetadataHandlerAspect        : User ID: 1
2025-12-29T15:20:16.592+07:00  INFO 9740 --- [blood-donation-service] [http-nio-1760-exec-2] c.i.b.s.h.m.MetadataHandlerAspect        : Phone Number: 12345678
2025-12-29T15:20:16.592+07:00  INFO 9740 --- [blood-donation-service] [http-nio-1760-exec-2] c.i.b.s.h.m.MetadataHandlerAspect        : Role/Scope: ROLE_USER
2025-12-29T15:20:16.592+07:00  INFO 9740 --- [blood-donation-service] [http-nio-1760-exec-2] c.i.b.s.h.m.MetadataHandlerAspect        : ========== METADATA HANDLER END ==========
2025-12-29T15:20:32.161+07:00  INFO 9740 --- [blood-donation-service] [http-nio-1760-exec-7] c.i.b.d.b.a.a.AuthServiceFacade          : authenticated user: [ROLE_USER]
2025-12-29T15:20:32.163+07:00  INFO 9740 --- [blood-donation-service] [http-nio-1760-exec-7] c.i.b.d.b.a.a.AuthServiceFacade          : scope: ROLE_USER
2025-12-29T15:20:36.958+07:00  INFO 9740 --- [blood-donation-service] [http-nio-1760-exec-8] c.i.b.i.Config.Security.SecurityConfig   : JWT Subject (User ID): 12345678
2025-12-29T15:20:36.958+07:00  INFO 9740 --- [blood-donation-service] [http-nio-1760-exec-8] c.i.b.i.Config.Security.SecurityConfig   : JWT Scope: ROLE_USER
2025-12-29T15:20:36.965+07:00  INFO 9740 --- [blood-donation-service] [http-nio-1760-exec-8] c.i.b.s.h.m.MetadataHandlerAspect        : ========== METADATA HANDLER START ==========
2025-12-29T15:20:36.965+07:00  INFO 9740 --- [blood-donation-service] [http-nio-1760-exec-8] c.i.b.s.h.m.MetadataHandlerAspect        : User ID: 1
2025-12-29T15:20:36.965+07:00  INFO 9740 --- [blood-donation-service] [http-nio-1760-exec-8] c.i.b.s.h.m.MetadataHandlerAspect        : Phone Number: 12345678
2025-12-29T15:20:36.965+07:00  INFO 9740 --- [blood-donation-service] [http-nio-1760-exec-8] c.i.b.s.h.m.MetadataHandlerAspect        : Role/Scope: ROLE_USER
2025-12-29T15:20:36.965+07:00  INFO 9740 --- [blood-donation-service] [http-nio-1760-exec-8] c.i.b.s.h.m.MetadataHandlerAspect        : ========== METADATA HANDLER END ==========
2025-12-29T15:21:34.787+07:00  INFO 9740 --- [blood-donation-service] [http-nio-1760-exec-10] c.i.b.i.Config.Security.SecurityConfig   : JWT Subject (User ID): 12345678
2025-12-29T15:21:34.787+07:00  INFO 9740 --- [blood-donation-service] [http-nio-1760-exec-10] c.i.b.i.Config.Security.SecurityConfig   : JWT Scope: ROLE_USER
2025-12-29T15:21:34.794+07:00  INFO 9740 --- [blood-donation-service] [http-nio-1760-exec-10] c.i.b.s.h.m.MetadataHandlerAspect        : ========== METADATA HANDLER START ==========
2025-12-29T15:21:34.794+07:00  INFO 9740 --- [blood-donation-service] [http-nio-1760-exec-10] c.i.b.s.h.m.MetadataHandlerAspect        : User ID: 1
2025-12-29T15:21:34.794+07:00  INFO 9740 --- [blood-donation-service] [http-nio-1760-exec-10] c.i.b.s.h.m.MetadataHandlerAspect        : Phone Number: 12345678
2025-12-29T15:21:34.794+07:00  INFO 9740 --- [blood-donation-service] [http-nio-1760-exec-10] c.i.b.s.h.m.MetadataHandlerAspect        : Role/Scope: ROLE_USER
2025-12-29T15:21:34.794+07:00  INFO 9740 --- [blood-donation-service] [http-nio-1760-exec-10] c.i.b.s.h.m.MetadataHandlerAspect        : ========== METADATA HANDLER END ==========
2025-12-29T15:46:24.371+07:00  INFO 9740 --- [blood-donation-service] [SpringApplicationShutdownHook] o.s.b.w.e.tomcat.GracefulShutdown        : Commencing graceful shutdown. Waiting for active requests to complete
2025-12-29T15:46:24.381+07:00  INFO 9740 --- [blood-donation-service] [tomcat-shutdown] o.s.b.w.e.tomcat.GracefulShutdown        : Graceful shutdown complete
2025-12-29T15:46:24.404+07:00  INFO 9740 --- [blood-donation-service] [SpringApplicationShutdownHook] j.LocalContainerEntityManagerFactoryBean : Closing JPA EntityManagerFactory for persistence unit 'default'
2025-12-29T15:46:24.407+07:00  INFO 9740 --- [blood-donation-service] [SpringApplicationShutdownHook] com.zaxxer.hikari.HikariDataSource       : blood-donation-pool - Shutdown initiated...
2025-12-29T15:46:24.422+07:00  INFO 9740 --- [blood-donation-service] [SpringApplicationShutdownHook] com.zaxxer.hikari.HikariDataSource       : blood-donation-pool - Shutdown completed.
2025-12-29T15:46:43.531+07:00  INFO 15232 --- [blood-donation-service] [main] c.i.b.BloodDonationServiceApplication    : Starting BloodDonationServiceApplication using Java 21.0.9 with PID 15232 (D:\document\Springboot\blood-donation-service\target\classes started by CC_computer in D:\document\Springboot\blood-donation-service)
2025-12-29T15:46:43.531+07:00  INFO 15232 --- [blood-donation-service] [main] c.i.b.BloodDonationServiceApplication    : No active profile set, falling back to 1 default profile: "default"
2025-12-29T15:46:44.709+07:00  INFO 15232 --- [blood-donation-service] [main] .s.d.r.c.RepositoryConfigurationDelegate : Bootstrapping Spring Data JPA repositories in DEFAULT mode.
2025-12-29T15:46:44.949+07:00  INFO 15232 --- [blood-donation-service] [main] .s.d.r.c.RepositoryConfigurationDelegate : Finished Spring Data repository scanning in 230 ms. Found 10 JPA repository interfaces.
2025-12-29T15:46:45.793+07:00  INFO 15232 --- [blood-donation-service] [main] o.s.b.w.embedded.tomcat.TomcatWebServer  : Tomcat initialized with port 1760 (http)
2025-12-29T15:46:45.820+07:00  INFO 15232 --- [blood-donation-service] [main] o.apache.catalina.core.StandardService   : Starting service [Tomcat]
2025-12-29T15:46:45.821+07:00  INFO 15232 --- [blood-donation-service] [main] o.apache.catalina.core.StandardEngine    : Starting Servlet engine: [Apache Tomcat/10.1.49]
2025-12-29T15:46:45.953+07:00  INFO 15232 --- [blood-donation-service] [main] o.a.c.c.C.[Tomcat].[localhost].[/]       : Initializing Spring embedded WebApplicationContext
2025-12-29T15:46:45.954+07:00  INFO 15232 --- [blood-donation-service] [main] w.s.c.ServletWebServerApplicationContext : Root WebApplicationContext: initialization completed in 2387 ms
2025-12-29T15:46:46.645+07:00  INFO 15232 --- [blood-donation-service] [main] com.zaxxer.hikari.HikariDataSource       : blood-donation-pool - Starting...
2025-12-29T15:46:47.372+07:00  INFO 15232 --- [blood-donation-service] [main] com.zaxxer.hikari.pool.HikariPool        : blood-donation-pool - Added connection com.mysql.cj.jdbc.ConnectionImpl@2c846d55
2025-12-29T15:46:47.377+07:00  INFO 15232 --- [blood-donation-service] [main] com.zaxxer.hikari.HikariDataSource       : blood-donation-pool - Start completed.
2025-12-29T15:46:47.443+07:00  INFO 15232 --- [blood-donation-service] [main] org.flywaydb.core.FlywayExecutor         : Database: jdbc:mysql://localhost:3306/blood_donation_service_db?useUnicode=true&characterEncoding=UTF-8&useLegacyDatetimeCode=false&serverTimezone=UTC (MySQL 8.0)
2025-12-29T15:46:47.555+07:00  INFO 15232 --- [blood-donation-service] [main] o.f.core.internal.command.DbValidate     : Successfully validated 1 migration (execution time 00:00.063s)
2025-12-29T15:46:47.593+07:00  INFO 15232 --- [blood-donation-service] [main] o.f.core.internal.command.DbMigrate      : Current version of schema `blood_donation_service_db`: 1
2025-12-29T15:46:47.601+07:00  INFO 15232 --- [blood-donation-service] [main] o.f.core.internal.command.DbMigrate      : Schema `blood_donation_service_db` is up to date. No migration necessary.
2025-12-29T15:46:47.802+07:00  INFO 15232 --- [blood-donation-service] [main] o.hibernate.jpa.internal.util.LogHelper  : HHH000204: Processing PersistenceUnitInfo [name: default]
2025-12-29T15:46:47.912+07:00  INFO 15232 --- [blood-donation-service] [main] org.hibernate.Version                    : HHH000412: Hibernate ORM core version 6.6.36.Final
2025-12-29T15:46:47.974+07:00  INFO 15232 --- [blood-donation-service] [main] o.h.c.internal.RegionFactoryInitiator    : HHH000026: Second-level cache disabled
2025-12-29T15:46:48.502+07:00  INFO 15232 --- [blood-donation-service] [main] o.s.o.j.p.SpringPersistenceUnitInfo      : No LoadTimeWeaver setup: ignoring JPA class transformer
2025-12-29T15:46:48.656+07:00  INFO 15232 --- [blood-donation-service] [main] org.hibernate.orm.connections.pooling    : HHH10001005: Database info:
	Database JDBC URL [Connecting through datasource 'HikariDataSource (blood-donation-pool)']
	Database driver: undefined/unknown
	Database version: 8.0.36
	Autocommit mode: undefined/unknown
	Isolation level: undefined/unknown
	Minimum pool size: undefined/unknown
	Maximum pool size: undefined/unknown
2025-12-29T15:46:49.902+07:00  INFO 15232 --- [blood-donation-service] [main] o.h.e.t.j.p.i.JtaPlatformInitiator       : HHH000489: No JTA platform available (set 'hibernate.transaction.jta.platform' to enable JTA platform integration)
2025-12-29T15:46:50.100+07:00  INFO 15232 --- [blood-donation-service] [main] j.LocalContainerEntityManagerFactoryBean : Initialized JPA EntityManagerFactory for persistence unit 'default'
2025-12-29T15:46:58.697+07:00  INFO 15232 --- [blood-donation-service] [main] o.s.d.j.r.query.QueryEnhancerFactory     : Hibernate is in classpath; If applicable, HQL parser will be used.
2025-12-29T15:46:59.887+07:00  INFO 15232 --- [blood-donation-service] [main] o.s.b.a.e.web.EndpointLinksResolver      : Exposing 1 endpoint beneath base path '/actuator'
2025-12-29T15:46:59.908+07:00  INFO 15232 --- [blood-donation-service] [main] eAuthenticationProviderManagerConfigurer : Found 2 AuthenticationProvider beans, with names [jwtAuthenticationProvider, daoAuthenticationProvider]. Global Authentication Manager will not be configured with AuthenticationProviders. Consider publishing a single AuthenticationProvider bean, or wiring your Providers directly using the DSL.
2025-12-29T15:46:59.914+07:00  INFO 15232 --- [blood-donation-service] [main] r$InitializeUserDetailsManagerConfigurer : Global AuthenticationManager configured with UserDetailsService bean with name userDetailsServiceImpl
2025-12-29T15:47:00.363+07:00  INFO 15232 --- [blood-donation-service] [main] o.s.b.w.embedded.tomcat.TomcatWebServer  : Tomcat started on port 1760 (http) with context path '/'
2025-12-29T15:47:00.370+07:00  INFO 15232 --- [blood-donation-service] [main] c.i.b.BloodDonationServiceApplication    : Started BloodDonationServiceApplication in 17.289 seconds (process running for 19.664)
2025-12-29T15:47:05.365+07:00  INFO 15232 --- [blood-donation-service] [http-nio-1760-exec-1] o.a.c.c.C.[Tomcat].[localhost].[/]       : Initializing Spring DispatcherServlet 'dispatcherServlet'
2025-12-29T15:47:05.365+07:00  INFO 15232 --- [blood-donation-service] [http-nio-1760-exec-1] o.s.web.servlet.DispatcherServlet        : Initializing Servlet 'dispatcherServlet'
2025-12-29T15:47:05.368+07:00  INFO 15232 --- [blood-donation-service] [http-nio-1760-exec-1] o.s.web.servlet.DispatcherServlet        : Completed initialization in 2 ms
2025-12-29T15:47:06.123+07:00  INFO 15232 --- [blood-donation-service] [http-nio-1760-exec-1] c.i.b.d.b.a.a.AuthServiceFacade          : authenticated user: [ROLE_USER]
2025-12-29T15:47:06.124+07:00  INFO 15232 --- [blood-donation-service] [http-nio-1760-exec-1] c.i.b.d.b.a.a.AuthServiceFacade          : scope: ROLE_USER
2025-12-29T15:47:10.395+07:00  INFO 15232 --- [blood-donation-service] [http-nio-1760-exec-6] c.i.b.i.Config.Security.SecurityConfig   : JWT Subject (User ID): 12345678
2025-12-29T15:47:10.396+07:00  INFO 15232 --- [blood-donation-service] [http-nio-1760-exec-6] c.i.b.i.Config.Security.SecurityConfig   : JWT Scope: ROLE_USER
2025-12-29T15:47:10.426+07:00  INFO 15232 --- [blood-donation-service] [http-nio-1760-exec-6] c.i.b.s.h.m.MetadataHandlerAspect        : ========== METADATA HANDLER START ==========
2025-12-29T15:47:10.427+07:00  INFO 15232 --- [blood-donation-service] [http-nio-1760-exec-6] c.i.b.s.h.m.MetadataHandlerAspect        : User ID: 1
2025-12-29T15:47:10.427+07:00  INFO 15232 --- [blood-donation-service] [http-nio-1760-exec-6] c.i.b.s.h.m.MetadataHandlerAspect        : Phone Number: 12345678
2025-12-29T15:47:10.427+07:00  INFO 15232 --- [blood-donation-service] [http-nio-1760-exec-6] c.i.b.s.h.m.MetadataHandlerAspect        : Role/Scope: ROLE_USER
2025-12-29T15:47:10.428+07:00  INFO 15232 --- [blood-donation-service] [http-nio-1760-exec-6] c.i.b.s.h.m.MetadataHandlerAspect        : ========== METADATA HANDLER END ==========
2025-12-29T15:47:25.626+07:00  INFO 15232 --- [blood-donation-service] [http-nio-1760-exec-5] c.i.b.i.Config.Security.SecurityConfig   : JWT Subject (User ID): 12345678
2025-12-29T15:47:25.626+07:00  INFO 15232 --- [blood-donation-service] [http-nio-1760-exec-5] c.i.b.i.Config.Security.SecurityConfig   : JWT Scope: ROLE_USER
2025-12-29T15:47:25.633+07:00  INFO 15232 --- [blood-donation-service] [http-nio-1760-exec-5] c.i.b.s.h.m.MetadataHandlerAspect        : ========== METADATA HANDLER START ==========
2025-12-29T15:47:25.634+07:00  INFO 15232 --- [blood-donation-service] [http-nio-1760-exec-5] c.i.b.s.h.m.MetadataHandlerAspect        : User ID: 1
2025-12-29T15:47:25.634+07:00  INFO 15232 --- [blood-donation-service] [http-nio-1760-exec-5] c.i.b.s.h.m.MetadataHandlerAspect        : Phone Number: 12345678
2025-12-29T15:47:25.634+07:00  INFO 15232 --- [blood-donation-service] [http-nio-1760-exec-5] c.i.b.s.h.m.MetadataHandlerAspect        : Role/Scope: ROLE_USER
2025-12-29T15:47:25.634+07:00  INFO 15232 --- [blood-donation-service] [http-nio-1760-exec-5] c.i.b.s.h.m.MetadataHandlerAspect        : ========== METADATA HANDLER END ==========
2025-12-29T15:49:24.516+07:00  INFO 15232 --- [blood-donation-service] [http-nio-1760-exec-7] c.i.b.i.Config.Security.SecurityConfig   : JWT Subject (User ID): 12345678
2025-12-29T15:49:24.516+07:00  INFO 15232 --- [blood-donation-service] [http-nio-1760-exec-7] c.i.b.i.Config.Security.SecurityConfig   : JWT Scope: ROLE_USER
2025-12-29T15:49:24.522+07:00  INFO 15232 --- [blood-donation-service] [http-nio-1760-exec-7] c.i.b.s.h.m.MetadataHandlerAspect        : ========== METADATA HANDLER START ==========
2025-12-29T15:49:24.523+07:00  INFO 15232 --- [blood-donation-service] [http-nio-1760-exec-7] c.i.b.s.h.m.MetadataHandlerAspect        : User ID: 1
2025-12-29T15:49:24.523+07:00  INFO 15232 --- [blood-donation-service] [http-nio-1760-exec-7] c.i.b.s.h.m.MetadataHandlerAspect        : Phone Number: 12345678
2025-12-29T15:49:24.523+07:00  INFO 15232 --- [blood-donation-service] [http-nio-1760-exec-7] c.i.b.s.h.m.MetadataHandlerAspect        : Role/Scope: ROLE_USER
2025-12-29T15:49:24.523+07:00  INFO 15232 --- [blood-donation-service] [http-nio-1760-exec-7] c.i.b.s.h.m.MetadataHandlerAspect        : ========== METADATA HANDLER END ==========
2025-12-29T15:49:30.189+07:00  INFO 15232 --- [blood-donation-service] [http-nio-1760-exec-9] c.i.b.i.Config.Security.SecurityConfig   : JWT Subject (User ID): 12345678
2025-12-29T15:49:30.189+07:00  INFO 15232 --- [blood-donation-service] [http-nio-1760-exec-9] c.i.b.i.Config.Security.SecurityConfig   : JWT Scope: ROLE_USER
2025-12-29T15:49:30.197+07:00  INFO 15232 --- [blood-donation-service] [http-nio-1760-exec-9] c.i.b.s.h.m.MetadataHandlerAspect        : ========== METADATA HANDLER START ==========
2025-12-29T15:49:30.197+07:00  INFO 15232 --- [blood-donation-service] [http-nio-1760-exec-9] c.i.b.s.h.m.MetadataHandlerAspect        : User ID: 1
2025-12-29T15:49:30.197+07:00  INFO 15232 --- [blood-donation-service] [http-nio-1760-exec-9] c.i.b.s.h.m.MetadataHandlerAspect        : Phone Number: 12345678
2025-12-29T15:49:30.197+07:00  INFO 15232 --- [blood-donation-service] [http-nio-1760-exec-9] c.i.b.s.h.m.MetadataHandlerAspect        : Role/Scope: ROLE_USER
2025-12-29T15:49:30.197+07:00  INFO 15232 --- [blood-donation-service] [http-nio-1760-exec-9] c.i.b.s.h.m.MetadataHandlerAspect        : ========== METADATA HANDLER END ==========
2025-12-29T15:51:53.031+07:00  INFO 15232 --- [blood-donation-service] [http-nio-1760-exec-2] c.i.b.i.Config.Security.SecurityConfig   : JWT Subject (User ID): 12345678
2025-12-29T15:51:53.032+07:00  INFO 15232 --- [blood-donation-service] [http-nio-1760-exec-2] c.i.b.i.Config.Security.SecurityConfig   : JWT Scope: ROLE_USER
2025-12-29T15:51:53.039+07:00  INFO 15232 --- [blood-donation-service] [http-nio-1760-exec-2] c.i.b.s.h.m.MetadataHandlerAspect        : ========== METADATA HANDLER START ==========
2025-12-29T15:51:53.040+07:00  INFO 15232 --- [blood-donation-service] [http-nio-1760-exec-2] c.i.b.s.h.m.MetadataHandlerAspect        : User ID: 1
2025-12-29T15:51:53.040+07:00  INFO 15232 --- [blood-donation-service] [http-nio-1760-exec-2] c.i.b.s.h.m.MetadataHandlerAspect        : Phone Number: 12345678
2025-12-29T15:51:53.041+07:00  INFO 15232 --- [blood-donation-service] [http-nio-1760-exec-2] c.i.b.s.h.m.MetadataHandlerAspect        : Role/Scope: ROLE_USER
2025-12-29T15:51:53.041+07:00  INFO 15232 --- [blood-donation-service] [http-nio-1760-exec-2] c.i.b.s.h.m.MetadataHandlerAspect        : ========== METADATA HANDLER END ==========
2025-12-29T15:52:44.180+07:00  INFO 15232 --- [blood-donation-service] [http-nio-1760-exec-6] c.i.b.i.Config.Security.SecurityConfig   : JWT Subject (User ID): 12345678
2025-12-29T15:52:44.180+07:00  INFO 15232 --- [blood-donation-service] [http-nio-1760-exec-6] c.i.b.i.Config.Security.SecurityConfig   : JWT Scope: ROLE_USER
2025-12-29T15:52:44.187+07:00  INFO 15232 --- [blood-donation-service] [http-nio-1760-exec-6] c.i.b.s.h.m.MetadataHandlerAspect        : ========== METADATA HANDLER START ==========
2025-12-29T15:52:44.188+07:00  INFO 15232 --- [blood-donation-service] [http-nio-1760-exec-6] c.i.b.s.h.m.MetadataHandlerAspect        : User ID: 1
2025-12-29T15:52:44.188+07:00  INFO 15232 --- [blood-donation-service] [http-nio-1760-exec-6] c.i.b.s.h.m.MetadataHandlerAspect        : Phone Number: 12345678
2025-12-29T15:52:44.188+07:00  INFO 15232 --- [blood-donation-service] [http-nio-1760-exec-6] c.i.b.s.h.m.MetadataHandlerAspect        : Role/Scope: ROLE_USER
2025-12-29T15:52:44.188+07:00  INFO 15232 --- [blood-donation-service] [http-nio-1760-exec-6] c.i.b.s.h.m.MetadataHandlerAspect        : ========== METADATA HANDLER END ==========
2025-12-29T15:57:51.144+07:00  INFO 15232 --- [blood-donation-service] [http-nio-1760-exec-3] c.i.b.d.b.a.a.AuthServiceFacade          : authenticated user: [ROLE_USER]
2025-12-29T15:57:51.146+07:00  INFO 15232 --- [blood-donation-service] [http-nio-1760-exec-3] c.i.b.d.b.a.a.AuthServiceFacade          : scope: ROLE_USER
2025-12-29T15:58:00.741+07:00  INFO 15232 --- [blood-donation-service] [http-nio-1760-exec-7] c.i.b.i.Config.Security.SecurityConfig   : JWT Subject (User ID): 968199999
2025-12-29T15:58:00.741+07:00  INFO 15232 --- [blood-donation-service] [http-nio-1760-exec-7] c.i.b.i.Config.Security.SecurityConfig   : JWT Scope: ROLE_USER
2025-12-29T15:58:00.762+07:00  INFO 15232 --- [blood-donation-service] [http-nio-1760-exec-7] c.i.b.s.h.m.MetadataHandlerAspect        : ========== METADATA HANDLER START ==========
2025-12-29T15:58:00.763+07:00  INFO 15232 --- [blood-donation-service] [http-nio-1760-exec-7] c.i.b.s.h.m.MetadataHandlerAspect        : User ID: 2
2025-12-29T15:58:00.763+07:00  INFO 15232 --- [blood-donation-service] [http-nio-1760-exec-7] c.i.b.s.h.m.MetadataHandlerAspect        : Phone Number: 968199999
2025-12-29T15:58:00.763+07:00  INFO 15232 --- [blood-donation-service] [http-nio-1760-exec-7] c.i.b.s.h.m.MetadataHandlerAspect        : Role/Scope: ROLE_USER
2025-12-29T15:58:00.764+07:00  INFO 15232 --- [blood-donation-service] [http-nio-1760-exec-7] c.i.b.s.h.m.MetadataHandlerAspect        : ========== METADATA HANDLER END ==========
2025-12-29T15:58:49.094+07:00  INFO 15232 --- [blood-donation-service] [http-nio-1760-exec-8] c.i.b.i.Config.Security.SecurityConfig   : JWT Subject (User ID): 968199999
2025-12-29T15:58:49.095+07:00  INFO 15232 --- [blood-donation-service] [http-nio-1760-exec-8] c.i.b.i.Config.Security.SecurityConfig   : JWT Scope: ROLE_USER
2025-12-29T15:58:49.128+07:00  INFO 15232 --- [blood-donation-service] [http-nio-1760-exec-8] c.i.b.s.h.m.MetadataHandlerAspect        : ========== METADATA HANDLER START ==========
2025-12-29T15:58:49.129+07:00  INFO 15232 --- [blood-donation-service] [http-nio-1760-exec-8] c.i.b.s.h.m.MetadataHandlerAspect        : User ID: 2
2025-12-29T15:58:49.129+07:00  INFO 15232 --- [blood-donation-service] [http-nio-1760-exec-8] c.i.b.s.h.m.MetadataHandlerAspect        : Phone Number: 968199999
2025-12-29T15:58:49.129+07:00  INFO 15232 --- [blood-donation-service] [http-nio-1760-exec-8] c.i.b.s.h.m.MetadataHandlerAspect        : Role/Scope: ROLE_USER
2025-12-29T15:58:49.129+07:00  INFO 15232 --- [blood-donation-service] [http-nio-1760-exec-8] c.i.b.s.h.m.MetadataHandlerAspect        : ========== METADATA HANDLER END ==========
2025-12-29T15:59:08.393+07:00  INFO 15232 --- [blood-donation-service] [http-nio-1760-exec-9] c.i.b.i.Config.Security.SecurityConfig   : JWT Subject (User ID): 968199999
2025-12-29T15:59:08.393+07:00  INFO 15232 --- [blood-donation-service] [http-nio-1760-exec-9] c.i.b.i.Config.Security.SecurityConfig   : JWT Scope: ROLE_USER
2025-12-29T15:59:08.400+07:00  INFO 15232 --- [blood-donation-service] [http-nio-1760-exec-9] c.i.b.s.h.m.MetadataHandlerAspect        : ========== METADATA HANDLER START ==========
2025-12-29T15:59:08.400+07:00  INFO 15232 --- [blood-donation-service] [http-nio-1760-exec-9] c.i.b.s.h.m.MetadataHandlerAspect        : User ID: 2
2025-12-29T15:59:08.401+07:00  INFO 15232 --- [blood-donation-service] [http-nio-1760-exec-9] c.i.b.s.h.m.MetadataHandlerAspect        : Phone Number: 968199999
2025-12-29T15:59:08.401+07:00  INFO 15232 --- [blood-donation-service] [http-nio-1760-exec-9] c.i.b.s.h.m.MetadataHandlerAspect        : Role/Scope: ROLE_USER
2025-12-29T15:59:08.401+07:00  INFO 15232 --- [blood-donation-service] [http-nio-1760-exec-9] c.i.b.s.h.m.MetadataHandlerAspect        : ========== METADATA HANDLER END ==========
2025-12-29T15:59:35.846+07:00  INFO 15232 --- [blood-donation-service] [http-nio-1760-exec-10] c.i.b.d.b.a.a.AuthServiceFacade          : authenticated user: [ROLE_USER]
2025-12-29T15:59:35.846+07:00  INFO 15232 --- [blood-donation-service] [http-nio-1760-exec-10] c.i.b.d.b.a.a.AuthServiceFacade          : scope: ROLE_USER
2025-12-29T15:59:40.444+07:00  INFO 15232 --- [blood-donation-service] [http-nio-1760-exec-2] c.i.b.i.Config.Security.SecurityConfig   : JWT Subject (User ID): 12345678
2025-12-29T15:59:40.444+07:00  INFO 15232 --- [blood-donation-service] [http-nio-1760-exec-2] c.i.b.i.Config.Security.SecurityConfig   : JWT Scope: ROLE_USER
2025-12-29T15:59:40.451+07:00  INFO 15232 --- [blood-donation-service] [http-nio-1760-exec-2] c.i.b.s.h.m.MetadataHandlerAspect        : ========== METADATA HANDLER START ==========
2025-12-29T15:59:40.451+07:00  INFO 15232 --- [blood-donation-service] [http-nio-1760-exec-2] c.i.b.s.h.m.MetadataHandlerAspect        : User ID: 1
2025-12-29T15:59:40.451+07:00  INFO 15232 --- [blood-donation-service] [http-nio-1760-exec-2] c.i.b.s.h.m.MetadataHandlerAspect        : Phone Number: 12345678
2025-12-29T15:59:40.451+07:00  INFO 15232 --- [blood-donation-service] [http-nio-1760-exec-2] c.i.b.s.h.m.MetadataHandlerAspect        : Role/Scope: ROLE_USER
2025-12-29T15:59:40.451+07:00  INFO 15232 --- [blood-donation-service] [http-nio-1760-exec-2] c.i.b.s.h.m.MetadataHandlerAspect        : ========== METADATA HANDLER END ==========
2025-12-29T16:00:00.276+07:00  INFO 15232 --- [blood-donation-service] [http-nio-1760-exec-1] c.i.b.i.Config.Security.SecurityConfig   : JWT Subject (User ID): 12345678
2025-12-29T16:00:00.277+07:00  INFO 15232 --- [blood-donation-service] [http-nio-1760-exec-1] c.i.b.i.Config.Security.SecurityConfig   : JWT Scope: ROLE_USER
2025-12-29T16:00:00.281+07:00  INFO 15232 --- [blood-donation-service] [http-nio-1760-exec-1] c.i.b.s.h.m.MetadataHandlerAspect        : ========== METADATA HANDLER START ==========
2025-12-29T16:00:00.283+07:00  INFO 15232 --- [blood-donation-service] [http-nio-1760-exec-1] c.i.b.s.h.m.MetadataHandlerAspect        : User ID: 1
2025-12-29T16:00:00.283+07:00  INFO 15232 --- [blood-donation-service] [http-nio-1760-exec-1] c.i.b.s.h.m.MetadataHandlerAspect        : Phone Number: 12345678
2025-12-29T16:00:00.283+07:00  INFO 15232 --- [blood-donation-service] [http-nio-1760-exec-1] c.i.b.s.h.m.MetadataHandlerAspect        : Role/Scope: ROLE_USER
2025-12-29T16:00:00.283+07:00  INFO 15232 --- [blood-donation-service] [http-nio-1760-exec-1] c.i.b.s.h.m.MetadataHandlerAspect        : ========== METADATA HANDLER END ==========
2025-12-29T16:00:44.492+07:00  INFO 15232 --- [blood-donation-service] [http-nio-1760-exec-6] c.i.b.i.Config.Security.SecurityConfig   : JWT Subject (User ID): 12345678
2025-12-29T16:00:44.492+07:00  INFO 15232 --- [blood-donation-service] [http-nio-1760-exec-6] c.i.b.i.Config.Security.SecurityConfig   : JWT Scope: ROLE_USER
2025-12-29T16:00:44.498+07:00  INFO 15232 --- [blood-donation-service] [http-nio-1760-exec-6] c.i.b.s.h.m.MetadataHandlerAspect        : ========== METADATA HANDLER START ==========
2025-12-29T16:00:44.499+07:00  INFO 15232 --- [blood-donation-service] [http-nio-1760-exec-6] c.i.b.s.h.m.MetadataHandlerAspect        : User ID: 1
2025-12-29T16:00:44.499+07:00  INFO 15232 --- [blood-donation-service] [http-nio-1760-exec-6] c.i.b.s.h.m.MetadataHandlerAspect        : Phone Number: 12345678
2025-12-29T16:00:44.499+07:00  INFO 15232 --- [blood-donation-service] [http-nio-1760-exec-6] c.i.b.s.h.m.MetadataHandlerAspect        : Role/Scope: ROLE_USER
2025-12-29T16:00:44.499+07:00  INFO 15232 --- [blood-donation-service] [http-nio-1760-exec-6] c.i.b.s.h.m.MetadataHandlerAspect        : ========== METADATA HANDLER END ==========
2025-12-29T16:00:46.179+07:00  INFO 15232 --- [blood-donation-service] [reactor-http-nio-2] c.i.b.d.b.n.a.OneSignalServiceFacade     : Push notification sent to user 3: null recipients
2025-12-29T16:02:10.267+07:00  INFO 15232 --- [blood-donation-service] [http-nio-1760-exec-3] c.i.b.i.Config.Security.SecurityConfig   : JWT Subject (User ID): 12345678
2025-12-29T16:02:10.267+07:00  INFO 15232 --- [blood-donation-service] [http-nio-1760-exec-3] c.i.b.i.Config.Security.SecurityConfig   : JWT Scope: ROLE_USER
2025-12-29T16:02:10.276+07:00  INFO 15232 --- [blood-donation-service] [http-nio-1760-exec-3] c.i.b.s.h.m.MetadataHandlerAspect        : ========== METADATA HANDLER START ==========
2025-12-29T16:02:10.276+07:00  INFO 15232 --- [blood-donation-service] [http-nio-1760-exec-3] c.i.b.s.h.m.MetadataHandlerAspect        : User ID: 1
2025-12-29T16:02:10.276+07:00  INFO 15232 --- [blood-donation-service] [http-nio-1760-exec-3] c.i.b.s.h.m.MetadataHandlerAspect        : Phone Number: 12345678
2025-12-29T16:02:10.277+07:00  INFO 15232 --- [blood-donation-service] [http-nio-1760-exec-3] c.i.b.s.h.m.MetadataHandlerAspect        : Role/Scope: ROLE_USER
2025-12-29T16:02:10.277+07:00  INFO 15232 --- [blood-donation-service] [http-nio-1760-exec-3] c.i.b.s.h.m.MetadataHandlerAspect        : ========== METADATA HANDLER END ==========
2025-12-29T16:02:16.069+07:00  INFO 15232 --- [blood-donation-service] [http-nio-1760-exec-7] c.i.b.i.Config.Security.SecurityConfig   : JWT Subject (User ID): 12345678
2025-12-29T16:02:16.069+07:00  INFO 15232 --- [blood-donation-service] [http-nio-1760-exec-7] c.i.b.i.Config.Security.SecurityConfig   : JWT Scope: ROLE_USER
2025-12-29T16:02:16.074+07:00  INFO 15232 --- [blood-donation-service] [http-nio-1760-exec-7] c.i.b.s.h.m.MetadataHandlerAspect        : ========== METADATA HANDLER START ==========
2025-12-29T16:02:16.074+07:00  INFO 15232 --- [blood-donation-service] [http-nio-1760-exec-7] c.i.b.s.h.m.MetadataHandlerAspect        : User ID: 1
2025-12-29T16:02:16.074+07:00  INFO 15232 --- [blood-donation-service] [http-nio-1760-exec-7] c.i.b.s.h.m.MetadataHandlerAspect        : Phone Number: 12345678
2025-12-29T16:02:16.074+07:00  INFO 15232 --- [blood-donation-service] [http-nio-1760-exec-7] c.i.b.s.h.m.MetadataHandlerAspect        : Role/Scope: ROLE_USER
2025-12-29T16:02:16.074+07:00  INFO 15232 --- [blood-donation-service] [http-nio-1760-exec-7] c.i.b.s.h.m.MetadataHandlerAspect        : ========== METADATA HANDLER END ==========
2025-12-29T16:02:21.362+07:00  INFO 15232 --- [blood-donation-service] [http-nio-1760-exec-8] c.i.b.i.Config.Security.SecurityConfig   : JWT Subject (User ID): 12345678
2025-12-29T16:02:21.362+07:00  INFO 15232 --- [blood-donation-service] [http-nio-1760-exec-8] c.i.b.i.Config.Security.SecurityConfig   : JWT Scope: ROLE_USER
2025-12-29T16:02:21.368+07:00  INFO 15232 --- [blood-donation-service] [http-nio-1760-exec-8] c.i.b.s.h.m.MetadataHandlerAspect        : ========== METADATA HANDLER START ==========
2025-12-29T16:02:21.368+07:00  INFO 15232 --- [blood-donation-service] [http-nio-1760-exec-8] c.i.b.s.h.m.MetadataHandlerAspect        : User ID: 1
2025-12-29T16:02:21.368+07:00  INFO 15232 --- [blood-donation-service] [http-nio-1760-exec-8] c.i.b.s.h.m.MetadataHandlerAspect        : Phone Number: 12345678
2025-12-29T16:02:21.368+07:00  INFO 15232 --- [blood-donation-service] [http-nio-1760-exec-8] c.i.b.s.h.m.MetadataHandlerAspect        : Role/Scope: ROLE_USER
2025-12-29T16:02:21.368+07:00  INFO 15232 --- [blood-donation-service] [http-nio-1760-exec-8] c.i.b.s.h.m.MetadataHandlerAspect        : ========== METADATA HANDLER END ==========
2025-12-29T16:02:35.104+07:00  INFO 15232 --- [blood-donation-service] [http-nio-1760-exec-9] c.i.b.i.Config.Security.SecurityConfig   : JWT Subject (User ID): 12345678
2025-12-29T16:02:35.105+07:00  INFO 15232 --- [blood-donation-service] [http-nio-1760-exec-9] c.i.b.i.Config.Security.SecurityConfig   : JWT Scope: ROLE_USER
2025-12-29T16:02:35.111+07:00  INFO 15232 --- [blood-donation-service] [http-nio-1760-exec-9] c.i.b.s.h.m.MetadataHandlerAspect        : ========== METADATA HANDLER START ==========
2025-12-29T16:02:35.111+07:00  INFO 15232 --- [blood-donation-service] [http-nio-1760-exec-9] c.i.b.s.h.m.MetadataHandlerAspect        : User ID: 1
2025-12-29T16:02:35.111+07:00  INFO 15232 --- [blood-donation-service] [http-nio-1760-exec-9] c.i.b.s.h.m.MetadataHandlerAspect        : Phone Number: 12345678
2025-12-29T16:02:35.111+07:00  INFO 15232 --- [blood-donation-service] [http-nio-1760-exec-9] c.i.b.s.h.m.MetadataHandlerAspect        : Role/Scope: ROLE_USER
2025-12-29T16:02:35.111+07:00  INFO 15232 --- [blood-donation-service] [http-nio-1760-exec-9] c.i.b.s.h.m.MetadataHandlerAspect        : ========== METADATA HANDLER END ==========
2025-12-29T16:02:35.597+07:00  INFO 15232 --- [blood-donation-service] [reactor-http-nio-2] c.i.b.d.b.n.a.OneSignalServiceFacade     : Push notification sent to user 3: null recipients
2025-12-29T16:09:04.159+07:00  INFO 15232 --- [blood-donation-service] [http-nio-1760-exec-1] c.i.b.i.Config.Security.SecurityConfig   : JWT Subject (User ID): 12345678
2025-12-29T16:09:04.160+07:00  INFO 15232 --- [blood-donation-service] [http-nio-1760-exec-1] c.i.b.i.Config.Security.SecurityConfig   : JWT Scope: ROLE_USER
2025-12-29T16:09:04.180+07:00  INFO 15232 --- [blood-donation-service] [http-nio-1760-exec-1] c.i.b.s.h.m.MetadataHandlerAspect        : ========== METADATA HANDLER START ==========
2025-12-29T16:09:04.180+07:00  INFO 15232 --- [blood-donation-service] [http-nio-1760-exec-1] c.i.b.s.h.m.MetadataHandlerAspect        : User ID: 1
2025-12-29T16:09:04.180+07:00  INFO 15232 --- [blood-donation-service] [http-nio-1760-exec-1] c.i.b.s.h.m.MetadataHandlerAspect        : Phone Number: 12345678
2025-12-29T16:09:04.180+07:00  INFO 15232 --- [blood-donation-service] [http-nio-1760-exec-1] c.i.b.s.h.m.MetadataHandlerAspect        : Role/Scope: ROLE_USER
2025-12-29T16:09:04.180+07:00  INFO 15232 --- [blood-donation-service] [http-nio-1760-exec-1] c.i.b.s.h.m.MetadataHandlerAspect        : ========== METADATA HANDLER END ==========
2025-12-29T16:09:22.559+07:00  INFO 15232 --- [blood-donation-service] [http-nio-1760-exec-6] c.i.b.d.b.a.a.AuthServiceFacade          : authenticated user: [ROLE_USER]
2025-12-29T16:09:22.559+07:00  INFO 15232 --- [blood-donation-service] [http-nio-1760-exec-6] c.i.b.d.b.a.a.AuthServiceFacade          : scope: ROLE_USER
2025-12-29T16:09:33.401+07:00  INFO 15232 --- [blood-donation-service] [http-nio-1760-exec-4] c.i.b.i.Config.Security.SecurityConfig   : JWT Subject (User ID): 968199999
2025-12-29T16:09:33.401+07:00  INFO 15232 --- [blood-donation-service] [http-nio-1760-exec-4] c.i.b.i.Config.Security.SecurityConfig   : JWT Scope: ROLE_USER
2025-12-29T16:09:33.409+07:00  INFO 15232 --- [blood-donation-service] [http-nio-1760-exec-4] c.i.b.s.h.m.MetadataHandlerAspect        : ========== METADATA HANDLER START ==========
2025-12-29T16:09:33.409+07:00  INFO 15232 --- [blood-donation-service] [http-nio-1760-exec-4] c.i.b.s.h.m.MetadataHandlerAspect        : User ID: 2
2025-12-29T16:09:33.409+07:00  INFO 15232 --- [blood-donation-service] [http-nio-1760-exec-4] c.i.b.s.h.m.MetadataHandlerAspect        : Phone Number: 968199999
2025-12-29T16:09:33.409+07:00  INFO 15232 --- [blood-donation-service] [http-nio-1760-exec-4] c.i.b.s.h.m.MetadataHandlerAspect        : Role/Scope: ROLE_USER
2025-12-29T16:09:33.410+07:00  INFO 15232 --- [blood-donation-service] [http-nio-1760-exec-4] c.i.b.s.h.m.MetadataHandlerAspect        : ========== METADATA HANDLER END ==========
2025-12-29T16:09:45.838+07:00  INFO 15232 --- [blood-donation-service] [http-nio-1760-exec-5] c.i.b.i.Config.Security.SecurityConfig   : JWT Subject (User ID): 968199999
2025-12-29T16:09:45.838+07:00  INFO 15232 --- [blood-donation-service] [http-nio-1760-exec-5] c.i.b.i.Config.Security.SecurityConfig   : JWT Scope: ROLE_USER
2025-12-29T16:09:45.845+07:00  INFO 15232 --- [blood-donation-service] [http-nio-1760-exec-5] c.i.b.s.h.m.MetadataHandlerAspect        : ========== METADATA HANDLER START ==========
2025-12-29T16:09:45.845+07:00  INFO 15232 --- [blood-donation-service] [http-nio-1760-exec-5] c.i.b.s.h.m.MetadataHandlerAspect        : User ID: 2
2025-12-29T16:09:45.845+07:00  INFO 15232 --- [blood-donation-service] [http-nio-1760-exec-5] c.i.b.s.h.m.MetadataHandlerAspect        : Phone Number: 968199999
2025-12-29T16:09:45.845+07:00  INFO 15232 --- [blood-donation-service] [http-nio-1760-exec-5] c.i.b.s.h.m.MetadataHandlerAspect        : Role/Scope: ROLE_USER
2025-12-29T16:09:45.845+07:00  INFO 15232 --- [blood-donation-service] [http-nio-1760-exec-5] c.i.b.s.h.m.MetadataHandlerAspect        : ========== METADATA HANDLER END ==========
2025-12-29T16:10:21.187+07:00  INFO 15232 --- [blood-donation-service] [http-nio-1760-exec-3] c.i.b.d.b.a.a.AuthServiceFacade          : authenticated user: [ROLE_USER]
2025-12-29T16:10:21.188+07:00  INFO 15232 --- [blood-donation-service] [http-nio-1760-exec-3] c.i.b.d.b.a.a.AuthServiceFacade          : scope: ROLE_USER
2025-12-29T16:10:31.616+07:00  INFO 15232 --- [blood-donation-service] [http-nio-1760-exec-7] c.i.b.i.Config.Security.SecurityConfig   : JWT Subject (User ID): 1234567
2025-12-29T16:10:31.616+07:00  INFO 15232 --- [blood-donation-service] [http-nio-1760-exec-7] c.i.b.i.Config.Security.SecurityConfig   : JWT Scope: ROLE_USER
2025-12-29T16:10:31.621+07:00  INFO 15232 --- [blood-donation-service] [http-nio-1760-exec-7] c.i.b.s.h.m.MetadataHandlerAspect        : ========== METADATA HANDLER START ==========
2025-12-29T16:10:31.621+07:00  INFO 15232 --- [blood-donation-service] [http-nio-1760-exec-7] c.i.b.s.h.m.MetadataHandlerAspect        : User ID: 3
2025-12-29T16:10:31.621+07:00  INFO 15232 --- [blood-donation-service] [http-nio-1760-exec-7] c.i.b.s.h.m.MetadataHandlerAspect        : Phone Number: 1234567
2025-12-29T16:10:31.621+07:00  INFO 15232 --- [blood-donation-service] [http-nio-1760-exec-7] c.i.b.s.h.m.MetadataHandlerAspect        : Role/Scope: ROLE_USER
2025-12-29T16:10:31.621+07:00  INFO 15232 --- [blood-donation-service] [http-nio-1760-exec-7] c.i.b.s.h.m.MetadataHandlerAspect        : ========== METADATA HANDLER END ==========
2025-12-29T16:10:41.471+07:00  INFO 15232 --- [blood-donation-service] [http-nio-1760-exec-8] c.i.b.i.Config.Security.SecurityConfig   : JWT Subject (User ID): 1234567
2025-12-29T16:10:41.471+07:00  INFO 15232 --- [blood-donation-service] [http-nio-1760-exec-8] c.i.b.i.Config.Security.SecurityConfig   : JWT Scope: ROLE_USER
2025-12-29T16:10:48.636+07:00  INFO 15232 --- [blood-donation-service] [http-nio-1760-exec-10] c.i.b.i.Config.Security.SecurityConfig   : JWT Subject (User ID): 1234567
2025-12-29T16:10:48.637+07:00  INFO 15232 --- [blood-donation-service] [http-nio-1760-exec-10] c.i.b.i.Config.Security.SecurityConfig   : JWT Scope: ROLE_USER
2025-12-29T16:10:50.598+07:00  INFO 15232 --- [blood-donation-service] [http-nio-1760-exec-1] c.i.b.i.Config.Security.SecurityConfig   : JWT Subject (User ID): 1234567
2025-12-29T16:10:50.599+07:00  INFO 15232 --- [blood-donation-service] [http-nio-1760-exec-1] c.i.b.i.Config.Security.SecurityConfig   : JWT Scope: ROLE_USER
2025-12-29T16:11:03.184+07:00  INFO 15232 --- [blood-donation-service] [http-nio-1760-exec-4] c.i.b.i.Config.Security.SecurityConfig   : JWT Subject (User ID): 1234567
2025-12-29T16:11:03.185+07:00  INFO 15232 --- [blood-donation-service] [http-nio-1760-exec-4] c.i.b.i.Config.Security.SecurityConfig   : JWT Scope: ROLE_USER
2025-12-29T16:11:11.781+07:00  INFO 15232 --- [blood-donation-service] [http-nio-1760-exec-3] c.i.b.d.b.a.a.AuthServiceFacade          : authenticated user: [ROLE_USER]
2025-12-29T16:11:11.782+07:00  INFO 15232 --- [blood-donation-service] [http-nio-1760-exec-3] c.i.b.d.b.a.a.AuthServiceFacade          : scope: ROLE_USER
2025-12-29T16:11:18.810+07:00  INFO 15232 --- [blood-donation-service] [http-nio-1760-exec-7] c.i.b.i.Config.Security.SecurityConfig   : JWT Subject (User ID): 1234567
2025-12-29T16:11:18.810+07:00  INFO 15232 --- [blood-donation-service] [http-nio-1760-exec-7] c.i.b.i.Config.Security.SecurityConfig   : JWT Scope: ROLE_USER
2025-12-29T16:11:54.778+07:00  INFO 15232 --- [blood-donation-service] [http-nio-1760-exec-9] c.i.b.i.Config.Security.SecurityConfig   : JWT Subject (User ID): 1234567
2025-12-29T16:11:54.778+07:00  INFO 15232 --- [blood-donation-service] [http-nio-1760-exec-9] c.i.b.i.Config.Security.SecurityConfig   : JWT Scope: ROLE_USER
2025-12-29T16:11:54.786+07:00  INFO 15232 --- [blood-donation-service] [http-nio-1760-exec-9] c.i.b.s.h.m.MetadataHandlerAspect        : ========== METADATA HANDLER START ==========
2025-12-29T16:11:54.786+07:00  INFO 15232 --- [blood-donation-service] [http-nio-1760-exec-9] c.i.b.s.h.m.MetadataHandlerAspect        : User ID: 3
2025-12-29T16:11:54.786+07:00  INFO 15232 --- [blood-donation-service] [http-nio-1760-exec-9] c.i.b.s.h.m.MetadataHandlerAspect        : Phone Number: 1234567
2025-12-29T16:11:54.786+07:00  INFO 15232 --- [blood-donation-service] [http-nio-1760-exec-9] c.i.b.s.h.m.MetadataHandlerAspect        : Role/Scope: ROLE_USER
2025-12-29T16:11:54.786+07:00  INFO 15232 --- [blood-donation-service] [http-nio-1760-exec-9] c.i.b.s.h.m.MetadataHandlerAspect        : ========== METADATA HANDLER END ==========
2025-12-29T16:11:55.400+07:00  INFO 15232 --- [blood-donation-service] [reactor-http-nio-3] c.i.b.d.b.n.a.OneSignalServiceFacade     : Push notification sent to user 2: null recipients
2025-12-29T16:12:43.757+07:00  INFO 15232 --- [blood-donation-service] [http-nio-1760-exec-10] c.i.b.i.Config.Security.SecurityConfig   : JWT Subject (User ID): 1234567
2025-12-29T16:12:43.757+07:00  INFO 15232 --- [blood-donation-service] [http-nio-1760-exec-10] c.i.b.i.Config.Security.SecurityConfig   : JWT Scope: ROLE_USER
2025-12-29T16:13:01.300+07:00  INFO 15232 --- [blood-donation-service] [http-nio-1760-exec-1] c.i.b.i.Config.Security.SecurityConfig   : JWT Subject (User ID): 1234567
2025-12-29T16:13:01.300+07:00  INFO 15232 --- [blood-donation-service] [http-nio-1760-exec-1] c.i.b.i.Config.Security.SecurityConfig   : JWT Scope: ROLE_USER
2025-12-29T16:13:06.949+07:00  INFO 15232 --- [blood-donation-service] [http-nio-1760-exec-6] c.i.b.i.Config.Security.SecurityConfig   : JWT Subject (User ID): 1234567
2025-12-29T16:13:06.949+07:00  INFO 15232 --- [blood-donation-service] [http-nio-1760-exec-6] c.i.b.i.Config.Security.SecurityConfig   : JWT Scope: ROLE_USER
2025-12-29T16:13:18.868+07:00  INFO 15232 --- [blood-donation-service] [http-nio-1760-exec-3] c.i.b.i.Config.Security.SecurityConfig   : JWT Subject (User ID): 1234567
2025-12-29T16:13:18.868+07:00  INFO 15232 --- [blood-donation-service] [http-nio-1760-exec-3] c.i.b.i.Config.Security.SecurityConfig   : JWT Scope: ROLE_USER
2025-12-29T16:13:45.868+07:00  INFO 15232 --- [blood-donation-service] [http-nio-1760-exec-8] c.i.b.i.Config.Security.SecurityConfig   : JWT Subject (User ID): 1234567
2025-12-29T16:13:45.869+07:00  INFO 15232 --- [blood-donation-service] [http-nio-1760-exec-8] c.i.b.i.Config.Security.SecurityConfig   : JWT Scope: ROLE_USER
2025-12-29T16:13:45.875+07:00  INFO 15232 --- [blood-donation-service] [http-nio-1760-exec-8] c.i.b.s.h.m.MetadataHandlerAspect        : ========== METADATA HANDLER START ==========
2025-12-29T16:13:45.875+07:00  INFO 15232 --- [blood-donation-service] [http-nio-1760-exec-8] c.i.b.s.h.m.MetadataHandlerAspect        : User ID: 3
2025-12-29T16:13:45.875+07:00  INFO 15232 --- [blood-donation-service] [http-nio-1760-exec-8] c.i.b.s.h.m.MetadataHandlerAspect        : Phone Number: 1234567
2025-12-29T16:13:45.875+07:00  INFO 15232 --- [blood-donation-service] [http-nio-1760-exec-8] c.i.b.s.h.m.MetadataHandlerAspect        : Role/Scope: ROLE_USER
2025-12-29T16:13:45.875+07:00  INFO 15232 --- [blood-donation-service] [http-nio-1760-exec-8] c.i.b.s.h.m.MetadataHandlerAspect        : ========== METADATA HANDLER END ==========
2025-12-29T16:20:47.664+07:00  INFO 15232 --- [blood-donation-service] [SpringApplicationShutdownHook] o.s.b.w.e.tomcat.GracefulShutdown        : Commencing graceful shutdown. Waiting for active requests to complete
2025-12-29T16:20:47.673+07:00  INFO 15232 --- [blood-donation-service] [tomcat-shutdown] o.s.b.w.e.tomcat.GracefulShutdown        : Graceful shutdown complete
2025-12-29T16:20:49.761+07:00  INFO 15232 --- [blood-donation-service] [SpringApplicationShutdownHook] j.LocalContainerEntityManagerFactoryBean : Closing JPA EntityManagerFactory for persistence unit 'default'
2025-12-29T16:20:49.763+07:00  INFO 15232 --- [blood-donation-service] [SpringApplicationShutdownHook] com.zaxxer.hikari.HikariDataSource       : blood-donation-pool - Shutdown initiated...
2025-12-29T16:20:49.774+07:00  INFO 15232 --- [blood-donation-service] [SpringApplicationShutdownHook] com.zaxxer.hikari.HikariDataSource       : blood-donation-pool - Shutdown completed.
2025-12-29T16:22:42.439+07:00  INFO 24396 --- [blood-donation-service] [main] c.i.b.BloodDonationServiceApplication    : Starting BloodDonationServiceApplication using Java 21.0.9 with PID 24396 (D:\document\Springboot\blood-donation-service\target\classes started by CC_computer in D:\document\Springboot\blood-donation-service)
2025-12-29T16:22:42.442+07:00  INFO 24396 --- [blood-donation-service] [main] c.i.b.BloodDonationServiceApplication    : No active profile set, falling back to 1 default profile: "default"
2025-12-29T16:22:43.430+07:00  INFO 24396 --- [blood-donation-service] [main] .s.d.r.c.RepositoryConfigurationDelegate : Bootstrapping Spring Data JPA repositories in DEFAULT mode.
2025-12-29T16:22:43.604+07:00  INFO 24396 --- [blood-donation-service] [main] .s.d.r.c.RepositoryConfigurationDelegate : Finished Spring Data repository scanning in 166 ms. Found 10 JPA repository interfaces.
2025-12-29T16:22:44.166+07:00  INFO 24396 --- [blood-donation-service] [main] o.s.b.w.embedded.tomcat.TomcatWebServer  : Tomcat initialized with port 1760 (http)
2025-12-29T16:22:44.178+07:00  INFO 24396 --- [blood-donation-service] [main] o.apache.catalina.core.StandardService   : Starting service [Tomcat]
2025-12-29T16:22:44.178+07:00  INFO 24396 --- [blood-donation-service] [main] o.apache.catalina.core.StandardEngine    : Starting Servlet engine: [Apache Tomcat/10.1.49]
2025-12-29T16:22:44.233+07:00  INFO 24396 --- [blood-donation-service] [main] o.a.c.c.C.[Tomcat].[localhost].[/]       : Initializing Spring embedded WebApplicationContext
2025-12-29T16:22:44.233+07:00  INFO 24396 --- [blood-donation-service] [main] w.s.c.ServletWebServerApplicationContext : Root WebApplicationContext: initialization completed in 1759 ms
2025-12-29T16:22:44.542+07:00  INFO 24396 --- [blood-donation-service] [main] com.zaxxer.hikari.HikariDataSource       : blood-donation-pool - Starting...
2025-12-29T16:22:44.822+07:00  INFO 24396 --- [blood-donation-service] [main] com.zaxxer.hikari.pool.HikariPool        : blood-donation-pool - Added connection com.mysql.cj.jdbc.ConnectionImpl@44a485bc
2025-12-29T16:22:44.824+07:00  INFO 24396 --- [blood-donation-service] [main] com.zaxxer.hikari.HikariDataSource       : blood-donation-pool - Start completed.
2025-12-29T16:22:44.862+07:00  INFO 24396 --- [blood-donation-service] [main] org.flywaydb.core.FlywayExecutor         : Database: jdbc:mysql://localhost:3306/blood_donation_service_db?useUnicode=true&characterEncoding=UTF-8&useLegacyDatetimeCode=false&serverTimezone=UTC (MySQL 8.0)
2025-12-29T16:22:44.933+07:00  INFO 24396 --- [blood-donation-service] [main] o.f.core.internal.command.DbValidate     : Successfully validated 1 migration (execution time 00:00.037s)
2025-12-29T16:22:44.959+07:00  INFO 24396 --- [blood-donation-service] [main] o.f.core.internal.command.DbMigrate      : Current version of schema `blood_donation_service_db`: 1
2025-12-29T16:22:44.962+07:00  INFO 24396 --- [blood-donation-service] [main] o.f.core.internal.command.DbMigrate      : Schema `blood_donation_service_db` is up to date. No migration necessary.
2025-12-29T16:22:45.081+07:00  INFO 24396 --- [blood-donation-service] [main] o.hibernate.jpa.internal.util.LogHelper  : HHH000204: Processing PersistenceUnitInfo [name: default]
2025-12-29T16:22:45.132+07:00  INFO 24396 --- [blood-donation-service] [main] org.hibernate.Version                    : HHH000412: Hibernate ORM core version 6.6.36.Final
2025-12-29T16:22:45.165+07:00  INFO 24396 --- [blood-donation-service] [main] o.h.c.internal.RegionFactoryInitiator    : HHH000026: Second-level cache disabled
2025-12-29T16:22:45.415+07:00  INFO 24396 --- [blood-donation-service] [main] o.s.o.j.p.SpringPersistenceUnitInfo      : No LoadTimeWeaver setup: ignoring JPA class transformer
2025-12-29T16:22:45.497+07:00  INFO 24396 --- [blood-donation-service] [main] org.hibernate.orm.connections.pooling    : HHH10001005: Database info:
	Database JDBC URL [Connecting through datasource 'HikariDataSource (blood-donation-pool)']
	Database driver: undefined/unknown
	Database version: 8.0.36
	Autocommit mode: undefined/unknown
	Isolation level: undefined/unknown
	Minimum pool size: undefined/unknown
	Maximum pool size: undefined/unknown
2025-12-29T16:22:46.474+07:00  INFO 24396 --- [blood-donation-service] [main] o.h.e.t.j.p.i.JtaPlatformInitiator       : HHH000489: No JTA platform available (set 'hibernate.transaction.jta.platform' to enable JTA platform integration)
2025-12-29T16:22:46.643+07:00  INFO 24396 --- [blood-donation-service] [main] j.LocalContainerEntityManagerFactoryBean : Initialized JPA EntityManagerFactory for persistence unit 'default'
2025-12-29T16:22:52.723+07:00  INFO 24396 --- [blood-donation-service] [main] o.s.d.j.r.query.QueryEnhancerFactory     : Hibernate is in classpath; If applicable, HQL parser will be used.
2025-12-29T16:22:53.748+07:00  INFO 24396 --- [blood-donation-service] [main] o.s.b.a.e.web.EndpointLinksResolver      : Exposing 1 endpoint beneath base path '/actuator'
2025-12-29T16:22:53.772+07:00  INFO 24396 --- [blood-donation-service] [main] eAuthenticationProviderManagerConfigurer : Found 2 AuthenticationProvider beans, with names [jwtAuthenticationProvider, daoAuthenticationProvider]. Global Authentication Manager will not be configured with AuthenticationProviders. Consider publishing a single AuthenticationProvider bean, or wiring your Providers directly using the DSL.
2025-12-29T16:22:53.773+07:00  INFO 24396 --- [blood-donation-service] [main] r$InitializeUserDetailsManagerConfigurer : Global AuthenticationManager configured with UserDetailsService bean with name userDetailsServiceImpl
2025-12-29T16:22:54.216+07:00  INFO 24396 --- [blood-donation-service] [main] o.s.b.w.embedded.tomcat.TomcatWebServer  : Tomcat started on port 1760 (http) with context path '/'
2025-12-29T16:22:54.225+07:00  INFO 24396 --- [blood-donation-service] [main] c.i.b.BloodDonationServiceApplication    : Started BloodDonationServiceApplication in 12.231 seconds (process running for 13.024)
2025-12-29T16:22:54.588+07:00  INFO 24396 --- [blood-donation-service] [RMI TCP Connection(3)-192.168.1.4] o.a.c.c.C.[Tomcat].[localhost].[/]       : Initializing Spring DispatcherServlet 'dispatcherServlet'
2025-12-29T16:22:54.588+07:00  INFO 24396 --- [blood-donation-service] [RMI TCP Connection(3)-192.168.1.4] o.s.web.servlet.DispatcherServlet        : Initializing Servlet 'dispatcherServlet'
2025-12-29T16:22:54.590+07:00  INFO 24396 --- [blood-donation-service] [RMI TCP Connection(3)-192.168.1.4] o.s.web.servlet.DispatcherServlet        : Completed initialization in 1 ms
2025-12-29T16:23:01.498+07:00  INFO 24396 --- [blood-donation-service] [http-nio-1760-exec-1] c.i.b.d.b.a.a.AuthServiceFacade          : authenticated user: [ROLE_USER]
2025-12-29T16:23:01.498+07:00  INFO 24396 --- [blood-donation-service] [http-nio-1760-exec-1] c.i.b.d.b.a.a.AuthServiceFacade          : scope: ROLE_USER
2025-12-29T16:23:05.516+07:00  INFO 24396 --- [blood-donation-service] [http-nio-1760-exec-8] c.i.b.i.Config.Security.SecurityConfig   : JWT Subject (User ID): 1234567
2025-12-29T16:23:05.517+07:00  INFO 24396 --- [blood-donation-service] [http-nio-1760-exec-8] c.i.b.i.Config.Security.SecurityConfig   : JWT Scope: ROLE_USER
2025-12-29T16:23:05.545+07:00  INFO 24396 --- [blood-donation-service] [http-nio-1760-exec-8] c.i.b.s.h.m.MetadataHandlerAspect        : ========== METADATA HANDLER START ==========
2025-12-29T16:23:05.545+07:00  INFO 24396 --- [blood-donation-service] [http-nio-1760-exec-8] c.i.b.s.h.m.MetadataHandlerAspect        : User ID: 3
2025-12-29T16:23:05.546+07:00  INFO 24396 --- [blood-donation-service] [http-nio-1760-exec-8] c.i.b.s.h.m.MetadataHandlerAspect        : Phone Number: 1234567
2025-12-29T16:23:05.546+07:00  INFO 24396 --- [blood-donation-service] [http-nio-1760-exec-8] c.i.b.s.h.m.MetadataHandlerAspect        : Role/Scope: ROLE_USER
2025-12-29T16:23:05.546+07:00  INFO 24396 --- [blood-donation-service] [http-nio-1760-exec-8] c.i.b.s.h.m.MetadataHandlerAspect        : ========== METADATA HANDLER END ==========
2025-12-29T16:24:49.923+07:00  INFO 24396 --- [blood-donation-service] [SpringApplicationShutdownHook] o.s.b.w.e.tomcat.GracefulShutdown        : Commencing graceful shutdown. Waiting for active requests to complete
2025-12-29T16:24:49.930+07:00  INFO 24396 --- [blood-donation-service] [tomcat-shutdown] o.s.b.w.e.tomcat.GracefulShutdown        : Graceful shutdown complete
2025-12-29T16:24:49.957+07:00  INFO 24396 --- [blood-donation-service] [SpringApplicationShutdownHook] j.LocalContainerEntityManagerFactoryBean : Closing JPA EntityManagerFactory for persistence unit 'default'
2025-12-29T16:24:49.960+07:00  INFO 24396 --- [blood-donation-service] [SpringApplicationShutdownHook] com.zaxxer.hikari.HikariDataSource       : blood-donation-pool - Shutdown initiated...
2025-12-29T16:24:49.974+07:00  INFO 24396 --- [blood-donation-service] [SpringApplicationShutdownHook] com.zaxxer.hikari.HikariDataSource       : blood-donation-pool - Shutdown completed.
2025-12-29T16:25:01.524+07:00  INFO 6056 --- [blood-donation-service] [main] c.i.b.BloodDonationServiceApplication    : Starting BloodDonationServiceApplication using Java 21.0.9 with PID 6056 (D:\document\Springboot\blood-donation-service\target\classes started by CC_computer in D:\document\Springboot\blood-donation-service)
2025-12-29T16:25:01.525+07:00  INFO 6056 --- [blood-donation-service] [main] c.i.b.BloodDonationServiceApplication    : No active profile set, falling back to 1 default profile: "default"
2025-12-29T16:25:02.515+07:00  INFO 6056 --- [blood-donation-service] [main] .s.d.r.c.RepositoryConfigurationDelegate : Bootstrapping Spring Data JPA repositories in DEFAULT mode.
2025-12-29T16:25:02.691+07:00  INFO 6056 --- [blood-donation-service] [main] .s.d.r.c.RepositoryConfigurationDelegate : Finished Spring Data repository scanning in 168 ms. Found 10 JPA repository interfaces.
2025-12-29T16:25:03.254+07:00  INFO 6056 --- [blood-donation-service] [main] o.s.b.w.embedded.tomcat.TomcatWebServer  : Tomcat initialized with port 1760 (http)
2025-12-29T16:25:03.265+07:00  INFO 6056 --- [blood-donation-service] [main] o.apache.catalina.core.StandardService   : Starting service [Tomcat]
2025-12-29T16:25:03.266+07:00  INFO 6056 --- [blood-donation-service] [main] o.apache.catalina.core.StandardEngine    : Starting Servlet engine: [Apache Tomcat/10.1.49]
2025-12-29T16:25:03.320+07:00  INFO 6056 --- [blood-donation-service] [main] o.a.c.c.C.[Tomcat].[localhost].[/]       : Initializing Spring embedded WebApplicationContext
2025-12-29T16:25:03.321+07:00  INFO 6056 --- [blood-donation-service] [main] w.s.c.ServletWebServerApplicationContext : Root WebApplicationContext: initialization completed in 1762 ms
2025-12-29T16:25:03.642+07:00  INFO 6056 --- [blood-donation-service] [main] com.zaxxer.hikari.HikariDataSource       : blood-donation-pool - Starting...
2025-12-29T16:25:03.935+07:00  INFO 6056 --- [blood-donation-service] [main] com.zaxxer.hikari.pool.HikariPool        : blood-donation-pool - Added connection com.mysql.cj.jdbc.ConnectionImpl@3f3f554f
2025-12-29T16:25:03.937+07:00  INFO 6056 --- [blood-donation-service] [main] com.zaxxer.hikari.HikariDataSource       : blood-donation-pool - Start completed.
2025-12-29T16:25:03.985+07:00  INFO 6056 --- [blood-donation-service] [main] org.flywaydb.core.FlywayExecutor         : Database: jdbc:mysql://localhost:3306/blood_donation_service_db?useUnicode=true&characterEncoding=UTF-8&useLegacyDatetimeCode=false&serverTimezone=UTC (MySQL 8.0)
2025-12-29T16:25:04.045+07:00  INFO 6056 --- [blood-donation-service] [main] o.f.core.internal.command.DbValidate     : Successfully validated 1 migration (execution time 00:00.032s)
2025-12-29T16:25:04.071+07:00  INFO 6056 --- [blood-donation-service] [main] o.f.core.internal.command.DbMigrate      : Current version of schema `blood_donation_service_db`: 1
2025-12-29T16:25:04.075+07:00  INFO 6056 --- [blood-donation-service] [main] o.f.core.internal.command.DbMigrate      : Schema `blood_donation_service_db` is up to date. No migration necessary.
2025-12-29T16:25:04.189+07:00  INFO 6056 --- [blood-donation-service] [main] o.hibernate.jpa.internal.util.LogHelper  : HHH000204: Processing PersistenceUnitInfo [name: default]
2025-12-29T16:25:04.245+07:00  INFO 6056 --- [blood-donation-service] [main] org.hibernate.Version                    : HHH000412: Hibernate ORM core version 6.6.36.Final
2025-12-29T16:25:04.279+07:00  INFO 6056 --- [blood-donation-service] [main] o.h.c.internal.RegionFactoryInitiator    : HHH000026: Second-level cache disabled
2025-12-29T16:25:04.534+07:00  INFO 6056 --- [blood-donation-service] [main] o.s.o.j.p.SpringPersistenceUnitInfo      : No LoadTimeWeaver setup: ignoring JPA class transformer
2025-12-29T16:25:04.619+07:00  INFO 6056 --- [blood-donation-service] [main] org.hibernate.orm.connections.pooling    : HHH10001005: Database info:
	Database JDBC URL [Connecting through datasource 'HikariDataSource (blood-donation-pool)']
	Database driver: undefined/unknown
	Database version: 8.0.36
	Autocommit mode: undefined/unknown
	Isolation level: undefined/unknown
	Minimum pool size: undefined/unknown
	Maximum pool size: undefined/unknown
2025-12-29T16:25:05.770+07:00  INFO 6056 --- [blood-donation-service] [main] o.h.e.t.j.p.i.JtaPlatformInitiator       : HHH000489: No JTA platform available (set 'hibernate.transaction.jta.platform' to enable JTA platform integration)
2025-12-29T16:25:05.944+07:00  INFO 6056 --- [blood-donation-service] [main] j.LocalContainerEntityManagerFactoryBean : Initialized JPA EntityManagerFactory for persistence unit 'default'
2025-12-29T16:25:09.595+07:00  INFO 6056 --- [blood-donation-service] [main] o.s.d.j.r.query.QueryEnhancerFactory     : Hibernate is in classpath; If applicable, HQL parser will be used.
2025-12-29T16:25:10.638+07:00  INFO 6056 --- [blood-donation-service] [main] o.s.b.a.e.web.EndpointLinksResolver      : Exposing 1 endpoint beneath base path '/actuator'
2025-12-29T16:25:10.661+07:00  INFO 6056 --- [blood-donation-service] [main] eAuthenticationProviderManagerConfigurer : Found 2 AuthenticationProvider beans, with names [jwtAuthenticationProvider, daoAuthenticationProvider]. Global Authentication Manager will not be configured with AuthenticationProviders. Consider publishing a single AuthenticationProvider bean, or wiring your Providers directly using the DSL.
2025-12-29T16:25:10.663+07:00  INFO 6056 --- [blood-donation-service] [main] r$InitializeUserDetailsManagerConfigurer : Global AuthenticationManager configured with UserDetailsService bean with name userDetailsServiceImpl
2025-12-29T16:25:11.103+07:00  INFO 6056 --- [blood-donation-service] [main] o.s.b.w.embedded.tomcat.TomcatWebServer  : Tomcat started on port 1760 (http) with context path '/'
2025-12-29T16:25:11.113+07:00  INFO 6056 --- [blood-donation-service] [main] c.i.b.BloodDonationServiceApplication    : Started BloodDonationServiceApplication in 10.051 seconds (process running for 11.214)
2025-12-29T16:25:11.482+07:00  INFO 6056 --- [blood-donation-service] [RMI TCP Connection(1)-192.168.1.4] o.a.c.c.C.[Tomcat].[localhost].[/]       : Initializing Spring DispatcherServlet 'dispatcherServlet'
2025-12-29T16:25:11.482+07:00  INFO 6056 --- [blood-donation-service] [RMI TCP Connection(1)-192.168.1.4] o.s.web.servlet.DispatcherServlet        : Initializing Servlet 'dispatcherServlet'
2025-12-29T16:25:11.484+07:00  INFO 6056 --- [blood-donation-service] [RMI TCP Connection(1)-192.168.1.4] o.s.web.servlet.DispatcherServlet        : Completed initialization in 2 ms
2025-12-29T16:25:30.037+07:00  INFO 6056 --- [blood-donation-service] [http-nio-1760-exec-1] c.i.b.d.b.a.a.AuthServiceFacade          : authenticated user: [ROLE_USER]
2025-12-29T16:25:30.039+07:00  INFO 6056 --- [blood-donation-service] [http-nio-1760-exec-1] c.i.b.d.b.a.a.AuthServiceFacade          : scope: ROLE_USER
2025-12-29T16:25:33.363+07:00  INFO 6056 --- [blood-donation-service] [http-nio-1760-exec-3] c.i.b.i.Config.Security.SecurityConfig   : JWT Subject (User ID): 1234567
2025-12-29T16:25:33.363+07:00  INFO 6056 --- [blood-donation-service] [http-nio-1760-exec-3] c.i.b.i.Config.Security.SecurityConfig   : JWT Scope: ROLE_USER
2025-12-29T16:25:33.394+07:00  INFO 6056 --- [blood-donation-service] [http-nio-1760-exec-3] c.i.b.s.h.m.MetadataHandlerAspect        : ========== METADATA HANDLER START ==========
2025-12-29T16:25:33.394+07:00  INFO 6056 --- [blood-donation-service] [http-nio-1760-exec-3] c.i.b.s.h.m.MetadataHandlerAspect        : User ID: 3
2025-12-29T16:25:33.395+07:00  INFO 6056 --- [blood-donation-service] [http-nio-1760-exec-3] c.i.b.s.h.m.MetadataHandlerAspect        : Phone Number: 1234567
2025-12-29T16:25:33.395+07:00  INFO 6056 --- [blood-donation-service] [http-nio-1760-exec-3] c.i.b.s.h.m.MetadataHandlerAspect        : Role/Scope: ROLE_USER
2025-12-29T16:25:33.395+07:00  INFO 6056 --- [blood-donation-service] [http-nio-1760-exec-3] c.i.b.s.h.m.MetadataHandlerAspect        : ========== METADATA HANDLER END ==========
2025-12-29T16:25:52.806+07:00  INFO 6056 --- [blood-donation-service] [http-nio-1760-exec-2] c.i.b.i.Config.Security.SecurityConfig   : JWT Subject (User ID): 1234567
2025-12-29T16:25:52.807+07:00  INFO 6056 --- [blood-donation-service] [http-nio-1760-exec-2] c.i.b.i.Config.Security.SecurityConfig   : JWT Scope: ROLE_USER
2025-12-29T16:25:52.814+07:00  INFO 6056 --- [blood-donation-service] [http-nio-1760-exec-2] c.i.b.s.h.m.MetadataHandlerAspect        : ========== METADATA HANDLER START ==========
2025-12-29T16:25:52.814+07:00  INFO 6056 --- [blood-donation-service] [http-nio-1760-exec-2] c.i.b.s.h.m.MetadataHandlerAspect        : User ID: 3
2025-12-29T16:25:52.814+07:00  INFO 6056 --- [blood-donation-service] [http-nio-1760-exec-2] c.i.b.s.h.m.MetadataHandlerAspect        : Phone Number: 1234567
2025-12-29T16:25:52.815+07:00  INFO 6056 --- [blood-donation-service] [http-nio-1760-exec-2] c.i.b.s.h.m.MetadataHandlerAspect        : Role/Scope: ROLE_USER
2025-12-29T16:25:52.815+07:00  INFO 6056 --- [blood-donation-service] [http-nio-1760-exec-2] c.i.b.s.h.m.MetadataHandlerAspect        : ========== METADATA HANDLER END ==========
2025-12-29T16:26:46.771+07:00  INFO 6056 --- [blood-donation-service] [http-nio-1760-exec-5] c.i.b.i.Config.Security.SecurityConfig   : JWT Subject (User ID): 1234567
2025-12-29T16:26:46.772+07:00  INFO 6056 --- [blood-donation-service] [http-nio-1760-exec-5] c.i.b.i.Config.Security.SecurityConfig   : JWT Scope: ROLE_USER
2025-12-29T16:26:46.800+07:00  INFO 6056 --- [blood-donation-service] [http-nio-1760-exec-5] c.i.b.s.h.m.MetadataHandlerAspect        : ========== METADATA HANDLER START ==========
2025-12-29T16:26:46.801+07:00  INFO 6056 --- [blood-donation-service] [http-nio-1760-exec-5] c.i.b.s.h.m.MetadataHandlerAspect        : User ID: 3
2025-12-29T16:26:46.801+07:00  INFO 6056 --- [blood-donation-service] [http-nio-1760-exec-5] c.i.b.s.h.m.MetadataHandlerAspect        : Phone Number: 1234567
2025-12-29T16:26:46.801+07:00  INFO 6056 --- [blood-donation-service] [http-nio-1760-exec-5] c.i.b.s.h.m.MetadataHandlerAspect        : Role/Scope: ROLE_USER
2025-12-29T16:26:46.801+07:00  INFO 6056 --- [blood-donation-service] [http-nio-1760-exec-5] c.i.b.s.h.m.MetadataHandlerAspect        : ========== METADATA HANDLER END ==========
2025-12-29T16:26:51.366+07:00  INFO 6056 --- [blood-donation-service] [http-nio-1760-exec-6] c.i.b.i.Config.Security.SecurityConfig   : JWT Subject (User ID): 1234567
2025-12-29T16:26:51.367+07:00  INFO 6056 --- [blood-donation-service] [http-nio-1760-exec-6] c.i.b.i.Config.Security.SecurityConfig   : JWT Scope: ROLE_USER
2025-12-29T16:26:51.374+07:00  INFO 6056 --- [blood-donation-service] [http-nio-1760-exec-6] c.i.b.s.h.m.MetadataHandlerAspect        : ========== METADATA HANDLER START ==========
2025-12-29T16:26:51.374+07:00  INFO 6056 --- [blood-donation-service] [http-nio-1760-exec-6] c.i.b.s.h.m.MetadataHandlerAspect        : User ID: 3
2025-12-29T16:26:51.374+07:00  INFO 6056 --- [blood-donation-service] [http-nio-1760-exec-6] c.i.b.s.h.m.MetadataHandlerAspect        : Phone Number: 1234567
2025-12-29T16:26:51.374+07:00  INFO 6056 --- [blood-donation-service] [http-nio-1760-exec-6] c.i.b.s.h.m.MetadataHandlerAspect        : Role/Scope: ROLE_USER
2025-12-29T16:26:51.374+07:00  INFO 6056 --- [blood-donation-service] [http-nio-1760-exec-6] c.i.b.s.h.m.MetadataHandlerAspect        : ========== METADATA HANDLER END ==========
2025-12-29T16:27:07.343+07:00  INFO 6056 --- [blood-donation-service] [http-nio-1760-exec-7] c.i.b.d.b.a.a.AuthServiceFacade          : authenticated user: [ROLE_USER]
2025-12-29T16:27:07.344+07:00  INFO 6056 --- [blood-donation-service] [http-nio-1760-exec-7] c.i.b.d.b.a.a.AuthServiceFacade          : scope: ROLE_USER
2025-12-29T16:27:16.314+07:00  INFO 6056 --- [blood-donation-service] [http-nio-1760-exec-8] c.i.b.i.Config.Security.SecurityConfig   : JWT Subject (User ID): 968199999
2025-12-29T16:27:16.315+07:00  INFO 6056 --- [blood-donation-service] [http-nio-1760-exec-8] c.i.b.i.Config.Security.SecurityConfig   : JWT Scope: ROLE_USER
2025-12-29T16:27:16.331+07:00  INFO 6056 --- [blood-donation-service] [http-nio-1760-exec-8] c.i.b.s.h.m.MetadataHandlerAspect        : ========== METADATA HANDLER START ==========
2025-12-29T16:27:16.331+07:00  INFO 6056 --- [blood-donation-service] [http-nio-1760-exec-8] c.i.b.s.h.m.MetadataHandlerAspect        : User ID: 2
2025-12-29T16:27:16.331+07:00  INFO 6056 --- [blood-donation-service] [http-nio-1760-exec-8] c.i.b.s.h.m.MetadataHandlerAspect        : Phone Number: 968199999
2025-12-29T16:27:16.331+07:00  INFO 6056 --- [blood-donation-service] [http-nio-1760-exec-8] c.i.b.s.h.m.MetadataHandlerAspect        : Role/Scope: ROLE_USER
2025-12-29T16:27:16.331+07:00  INFO 6056 --- [blood-donation-service] [http-nio-1760-exec-8] c.i.b.s.h.m.MetadataHandlerAspect        : ========== METADATA HANDLER END ==========
2025-12-29T16:27:31.068+07:00  INFO 6056 --- [blood-donation-service] [http-nio-1760-exec-9] c.i.b.i.Config.Security.SecurityConfig   : JWT Subject (User ID): 968199999
2025-12-29T16:27:31.068+07:00  INFO 6056 --- [blood-donation-service] [http-nio-1760-exec-9] c.i.b.i.Config.Security.SecurityConfig   : JWT Scope: ROLE_USER
2025-12-29T16:27:31.077+07:00  INFO 6056 --- [blood-donation-service] [http-nio-1760-exec-9] c.i.b.s.h.m.MetadataHandlerAspect        : ========== METADATA HANDLER START ==========
2025-12-29T16:27:31.078+07:00  INFO 6056 --- [blood-donation-service] [http-nio-1760-exec-9] c.i.b.s.h.m.MetadataHandlerAspect        : User ID: 2
2025-12-29T16:27:31.078+07:00  INFO 6056 --- [blood-donation-service] [http-nio-1760-exec-9] c.i.b.s.h.m.MetadataHandlerAspect        : Phone Number: 968199999
2025-12-29T16:27:31.078+07:00  INFO 6056 --- [blood-donation-service] [http-nio-1760-exec-9] c.i.b.s.h.m.MetadataHandlerAspect        : Role/Scope: ROLE_USER
2025-12-29T16:27:31.078+07:00  INFO 6056 --- [blood-donation-service] [http-nio-1760-exec-9] c.i.b.s.h.m.MetadataHandlerAspect        : ========== METADATA HANDLER END ==========
2025-12-29T16:27:33.529+07:00  INFO 6056 --- [blood-donation-service] [reactor-http-nio-2] c.i.b.d.b.n.a.OneSignalServiceFacade     : Push notification sent to user 3: null recipients
2025-12-29T16:28:00.323+07:00  INFO 6056 --- [blood-donation-service] [http-nio-1760-exec-10] c.i.b.d.b.a.a.AuthServiceFacade          : authenticated user: [ROLE_USER]
2025-12-29T16:28:00.324+07:00  INFO 6056 --- [blood-donation-service] [http-nio-1760-exec-10] c.i.b.d.b.a.a.AuthServiceFacade          : scope: ROLE_USER
2025-12-29T16:28:44.355+07:00  INFO 6056 --- [blood-donation-service] [http-nio-1760-exec-4] c.i.b.i.Config.Security.SecurityConfig   : JWT Subject (User ID): 1234567
2025-12-29T16:28:44.355+07:00  INFO 6056 --- [blood-donation-service] [http-nio-1760-exec-4] c.i.b.i.Config.Security.SecurityConfig   : JWT Scope: ROLE_USER
2025-12-29T16:28:44.361+07:00  INFO 6056 --- [blood-donation-service] [http-nio-1760-exec-4] c.i.b.s.h.m.MetadataHandlerAspect        : ========== METADATA HANDLER START ==========
2025-12-29T16:28:44.361+07:00  INFO 6056 --- [blood-donation-service] [http-nio-1760-exec-4] c.i.b.s.h.m.MetadataHandlerAspect        : User ID: 3
2025-12-29T16:28:44.362+07:00  INFO 6056 --- [blood-donation-service] [http-nio-1760-exec-4] c.i.b.s.h.m.MetadataHandlerAspect        : Phone Number: 1234567
2025-12-29T16:28:44.362+07:00  INFO 6056 --- [blood-donation-service] [http-nio-1760-exec-4] c.i.b.s.h.m.MetadataHandlerAspect        : Role/Scope: ROLE_USER
2025-12-29T16:28:44.362+07:00  INFO 6056 --- [blood-donation-service] [http-nio-1760-exec-4] c.i.b.s.h.m.MetadataHandlerAspect        : ========== METADATA HANDLER END ==========
2025-12-29T16:28:56.399+07:00  INFO 6056 --- [blood-donation-service] [http-nio-1760-exec-1] c.i.b.i.Config.Security.SecurityConfig   : JWT Subject (User ID): 1234567
2025-12-29T16:28:56.399+07:00  INFO 6056 --- [blood-donation-service] [http-nio-1760-exec-1] c.i.b.i.Config.Security.SecurityConfig   : JWT Scope: ROLE_USER
2025-12-29T16:28:56.408+07:00  INFO 6056 --- [blood-donation-service] [http-nio-1760-exec-1] c.i.b.s.h.m.MetadataHandlerAspect        : ========== METADATA HANDLER START ==========
2025-12-29T16:28:56.408+07:00  INFO 6056 --- [blood-donation-service] [http-nio-1760-exec-1] c.i.b.s.h.m.MetadataHandlerAspect        : User ID: 3
2025-12-29T16:28:56.408+07:00  INFO 6056 --- [blood-donation-service] [http-nio-1760-exec-1] c.i.b.s.h.m.MetadataHandlerAspect        : Phone Number: 1234567
2025-12-29T16:28:56.408+07:00  INFO 6056 --- [blood-donation-service] [http-nio-1760-exec-1] c.i.b.s.h.m.MetadataHandlerAspect        : Role/Scope: ROLE_USER
2025-12-29T16:28:56.408+07:00  INFO 6056 --- [blood-donation-service] [http-nio-1760-exec-1] c.i.b.s.h.m.MetadataHandlerAspect        : ========== METADATA HANDLER END ==========
2025-12-29T16:29:38.380+07:00  INFO 6056 --- [blood-donation-service] [http-nio-1760-exec-3] c.i.b.i.Config.Security.SecurityConfig   : JWT Subject (User ID): 1234567
2025-12-29T16:29:38.380+07:00  INFO 6056 --- [blood-donation-service] [http-nio-1760-exec-3] c.i.b.i.Config.Security.SecurityConfig   : JWT Scope: ROLE_USER
2025-12-29T16:29:38.386+07:00  INFO 6056 --- [blood-donation-service] [http-nio-1760-exec-3] c.i.b.s.h.m.MetadataHandlerAspect        : ========== METADATA HANDLER START ==========
2025-12-29T16:29:38.387+07:00  INFO 6056 --- [blood-donation-service] [http-nio-1760-exec-3] c.i.b.s.h.m.MetadataHandlerAspect        : User ID: 3
2025-12-29T16:29:38.387+07:00  INFO 6056 --- [blood-donation-service] [http-nio-1760-exec-3] c.i.b.s.h.m.MetadataHandlerAspect        : Phone Number: 1234567
2025-12-29T16:29:38.387+07:00  INFO 6056 --- [blood-donation-service] [http-nio-1760-exec-3] c.i.b.s.h.m.MetadataHandlerAspect        : Role/Scope: ROLE_USER
2025-12-29T16:29:38.387+07:00  INFO 6056 --- [blood-donation-service] [http-nio-1760-exec-3] c.i.b.s.h.m.MetadataHandlerAspect        : ========== METADATA HANDLER END ==========
2025-12-29T16:29:40.278+07:00  INFO 6056 --- [blood-donation-service] [reactor-http-nio-2] c.i.b.d.b.n.a.OneSignalServiceFacade     : Push notification sent to user 2: null recipients
2025-12-29T16:29:51.621+07:00  INFO 6056 --- [blood-donation-service] [http-nio-1760-exec-2] c.i.b.i.Config.Security.SecurityConfig   : JWT Subject (User ID): 1234567
2025-12-29T16:29:51.621+07:00  INFO 6056 --- [blood-donation-service] [http-nio-1760-exec-2] c.i.b.i.Config.Security.SecurityConfig   : JWT Scope: ROLE_USER
2025-12-29T16:29:51.628+07:00  INFO 6056 --- [blood-donation-service] [http-nio-1760-exec-2] c.i.b.s.h.m.MetadataHandlerAspect        : ========== METADATA HANDLER START ==========
2025-12-29T16:29:51.628+07:00  INFO 6056 --- [blood-donation-service] [http-nio-1760-exec-2] c.i.b.s.h.m.MetadataHandlerAspect        : User ID: 3
2025-12-29T16:29:51.628+07:00  INFO 6056 --- [blood-donation-service] [http-nio-1760-exec-2] c.i.b.s.h.m.MetadataHandlerAspect        : Phone Number: 1234567
2025-12-29T16:29:51.628+07:00  INFO 6056 --- [blood-donation-service] [http-nio-1760-exec-2] c.i.b.s.h.m.MetadataHandlerAspect        : Role/Scope: ROLE_USER
2025-12-29T16:29:51.628+07:00  INFO 6056 --- [blood-donation-service] [http-nio-1760-exec-2] c.i.b.s.h.m.MetadataHandlerAspect        : ========== METADATA HANDLER END ==========
2025-12-29T16:29:54.100+07:00  INFO 6056 --- [blood-donation-service] [http-nio-1760-exec-5] c.i.b.i.Config.Security.SecurityConfig   : JWT Subject (User ID): 1234567
2025-12-29T16:29:54.100+07:00  INFO 6056 --- [blood-donation-service] [http-nio-1760-exec-5] c.i.b.i.Config.Security.SecurityConfig   : JWT Scope: ROLE_USER
2025-12-29T16:29:54.106+07:00  INFO 6056 --- [blood-donation-service] [http-nio-1760-exec-5] c.i.b.s.h.m.MetadataHandlerAspect        : ========== METADATA HANDLER START ==========
2025-12-29T16:29:54.106+07:00  INFO 6056 --- [blood-donation-service] [http-nio-1760-exec-5] c.i.b.s.h.m.MetadataHandlerAspect        : User ID: 3
2025-12-29T16:29:54.106+07:00  INFO 6056 --- [blood-donation-service] [http-nio-1760-exec-5] c.i.b.s.h.m.MetadataHandlerAspect        : Phone Number: 1234567
2025-12-29T16:29:54.106+07:00  INFO 6056 --- [blood-donation-service] [http-nio-1760-exec-5] c.i.b.s.h.m.MetadataHandlerAspect        : Role/Scope: ROLE_USER
2025-12-29T16:29:54.106+07:00  INFO 6056 --- [blood-donation-service] [http-nio-1760-exec-5] c.i.b.s.h.m.MetadataHandlerAspect        : ========== METADATA HANDLER END ==========
2025-12-29T16:30:02.038+07:00  INFO 6056 --- [blood-donation-service] [http-nio-1760-exec-6] c.i.b.i.Config.Security.SecurityConfig   : JWT Subject (User ID): 1234567
2025-12-29T16:30:02.038+07:00  INFO 6056 --- [blood-donation-service] [http-nio-1760-exec-6] c.i.b.i.Config.Security.SecurityConfig   : JWT Scope: ROLE_USER
2025-12-29T16:30:02.042+07:00  INFO 6056 --- [blood-donation-service] [http-nio-1760-exec-6] c.i.b.s.h.m.MetadataHandlerAspect        : ========== METADATA HANDLER START ==========
2025-12-29T16:30:02.042+07:00  INFO 6056 --- [blood-donation-service] [http-nio-1760-exec-6] c.i.b.s.h.m.MetadataHandlerAspect        : User ID: 3
2025-12-29T16:30:02.042+07:00  INFO 6056 --- [blood-donation-service] [http-nio-1760-exec-6] c.i.b.s.h.m.MetadataHandlerAspect        : Phone Number: 1234567
2025-12-29T16:30:02.044+07:00  INFO 6056 --- [blood-donation-service] [http-nio-1760-exec-6] c.i.b.s.h.m.MetadataHandlerAspect        : Role/Scope: ROLE_USER
2025-12-29T16:30:02.044+07:00  INFO 6056 --- [blood-donation-service] [http-nio-1760-exec-6] c.i.b.s.h.m.MetadataHandlerAspect        : ========== METADATA HANDLER END ==========
2025-12-29T16:31:28.430+07:00  INFO 6056 --- [blood-donation-service] [http-nio-1760-exec-9] c.i.b.d.b.a.a.AuthServiceFacade          : authenticated user: [ROLE_USER]
2025-12-29T16:31:28.430+07:00  INFO 6056 --- [blood-donation-service] [http-nio-1760-exec-9] c.i.b.d.b.a.a.AuthServiceFacade          : scope: ROLE_USER
2025-12-29T16:31:33.421+07:00  INFO 6056 --- [blood-donation-service] [http-nio-1760-exec-10] c.i.b.i.Config.Security.SecurityConfig   : JWT Subject (User ID): 968199999
2025-12-29T16:31:33.422+07:00  INFO 6056 --- [blood-donation-service] [http-nio-1760-exec-10] c.i.b.i.Config.Security.SecurityConfig   : JWT Scope: ROLE_USER
2025-12-29T16:31:33.427+07:00  INFO 6056 --- [blood-donation-service] [http-nio-1760-exec-10] c.i.b.s.h.m.MetadataHandlerAspect        : ========== METADATA HANDLER START ==========
2025-12-29T16:31:33.428+07:00  INFO 6056 --- [blood-donation-service] [http-nio-1760-exec-10] c.i.b.s.h.m.MetadataHandlerAspect        : User ID: 2
2025-12-29T16:31:33.429+07:00  INFO 6056 --- [blood-donation-service] [http-nio-1760-exec-10] c.i.b.s.h.m.MetadataHandlerAspect        : Phone Number: 968199999
2025-12-29T16:31:33.429+07:00  INFO 6056 --- [blood-donation-service] [http-nio-1760-exec-10] c.i.b.s.h.m.MetadataHandlerAspect        : Role/Scope: ROLE_USER
2025-12-29T16:31:33.429+07:00  INFO 6056 --- [blood-donation-service] [http-nio-1760-exec-10] c.i.b.s.h.m.MetadataHandlerAspect        : ========== METADATA HANDLER END ==========
2025-12-29T16:34:38.057+07:00  INFO 6056 --- [blood-donation-service] [http-nio-1760-exec-3] c.i.b.i.Config.Security.SecurityConfig   : JWT Subject (User ID): 968199999
2025-12-29T16:34:38.057+07:00  INFO 6056 --- [blood-donation-service] [http-nio-1760-exec-3] c.i.b.i.Config.Security.SecurityConfig   : JWT Scope: ROLE_USER
2025-12-29T16:34:38.063+07:00  INFO 6056 --- [blood-donation-service] [http-nio-1760-exec-3] c.i.b.s.h.m.MetadataHandlerAspect        : ========== METADATA HANDLER START ==========
2025-12-29T16:34:38.063+07:00  INFO 6056 --- [blood-donation-service] [http-nio-1760-exec-3] c.i.b.s.h.m.MetadataHandlerAspect        : User ID: 2
2025-12-29T16:34:38.063+07:00  INFO 6056 --- [blood-donation-service] [http-nio-1760-exec-3] c.i.b.s.h.m.MetadataHandlerAspect        : Phone Number: 968199999
2025-12-29T16:34:38.063+07:00  INFO 6056 --- [blood-donation-service] [http-nio-1760-exec-3] c.i.b.s.h.m.MetadataHandlerAspect        : Role/Scope: ROLE_USER
2025-12-29T16:34:38.064+07:00  INFO 6056 --- [blood-donation-service] [http-nio-1760-exec-3] c.i.b.s.h.m.MetadataHandlerAspect        : ========== METADATA HANDLER END ==========
2025-12-29T16:35:26.492+07:00  INFO 6056 --- [blood-donation-service] [http-nio-1760-exec-2] c.i.b.i.Config.Security.SecurityConfig   : JWT Subject (User ID): 968199999
2025-12-29T16:35:26.492+07:00  INFO 6056 --- [blood-donation-service] [http-nio-1760-exec-2] c.i.b.i.Config.Security.SecurityConfig   : JWT Scope: ROLE_USER
2025-12-29T16:35:42.188+07:00  INFO 6056 --- [blood-donation-service] [http-nio-1760-exec-6] c.i.b.i.Config.Security.SecurityConfig   : JWT Subject (User ID): 968199999
2025-12-29T16:35:42.188+07:00  INFO 6056 --- [blood-donation-service] [http-nio-1760-exec-6] c.i.b.i.Config.Security.SecurityConfig   : JWT Scope: ROLE_USER
2025-12-29T16:38:32.377+07:00  INFO 6056 --- [blood-donation-service] [http-nio-1760-exec-8] c.i.b.i.Config.Security.SecurityConfig   : JWT Subject (User ID): 968199999
2025-12-29T16:38:32.377+07:00  INFO 6056 --- [blood-donation-service] [http-nio-1760-exec-8] c.i.b.i.Config.Security.SecurityConfig   : JWT Scope: ROLE_USER
2025-12-29T16:39:02.375+07:00  INFO 6056 --- [blood-donation-service] [http-nio-1760-exec-10] c.i.b.d.b.a.a.AuthServiceFacade          : authenticated user: [ROLE_USER]
2025-12-29T16:39:02.376+07:00  INFO 6056 --- [blood-donation-service] [http-nio-1760-exec-10] c.i.b.d.b.a.a.AuthServiceFacade          : scope: ROLE_USER
2025-12-29T16:39:07.479+07:00  INFO 6056 --- [blood-donation-service] [http-nio-1760-exec-4] c.i.b.i.Config.Security.SecurityConfig   : JWT Subject (User ID): 968199999
2025-12-29T16:39:07.479+07:00  INFO 6056 --- [blood-donation-service] [http-nio-1760-exec-4] c.i.b.i.Config.Security.SecurityConfig   : JWT Scope: ROLE_USER
2025-12-29T16:39:14.204+07:00  INFO 6056 --- [blood-donation-service] [http-nio-1760-exec-3] c.i.b.i.Config.Security.SecurityConfig   : JWT Subject (User ID): 968199999
2025-12-29T16:39:14.204+07:00  INFO 6056 --- [blood-donation-service] [http-nio-1760-exec-3] c.i.b.i.Config.Security.SecurityConfig   : JWT Scope: ROLE_USER
2025-12-29T16:40:12.544+07:00  INFO 6056 --- [blood-donation-service] [http-nio-1760-exec-5] c.i.b.i.Config.Security.SecurityConfig   : JWT Subject (User ID): 968199999
2025-12-29T16:40:12.544+07:00  INFO 6056 --- [blood-donation-service] [http-nio-1760-exec-5] c.i.b.i.Config.Security.SecurityConfig   : JWT Scope: ROLE_USER
2025-12-29T16:40:12.549+07:00  INFO 6056 --- [blood-donation-service] [http-nio-1760-exec-5] c.i.b.s.h.m.MetadataHandlerAspect        : ========== METADATA HANDLER START ==========
2025-12-29T16:40:12.549+07:00  INFO 6056 --- [blood-donation-service] [http-nio-1760-exec-5] c.i.b.s.h.m.MetadataHandlerAspect        : User ID: 2
2025-12-29T16:40:12.549+07:00  INFO 6056 --- [blood-donation-service] [http-nio-1760-exec-5] c.i.b.s.h.m.MetadataHandlerAspect        : Phone Number: 968199999
2025-12-29T16:40:12.549+07:00  INFO 6056 --- [blood-donation-service] [http-nio-1760-exec-5] c.i.b.s.h.m.MetadataHandlerAspect        : Role/Scope: ROLE_USER
2025-12-29T16:40:12.550+07:00  INFO 6056 --- [blood-donation-service] [http-nio-1760-exec-5] c.i.b.s.h.m.MetadataHandlerAspect        : ========== METADATA HANDLER END ==========
2025-12-29T16:40:50.661+07:00  INFO 6056 --- [blood-donation-service] [http-nio-1760-exec-7] c.i.b.i.Config.Security.SecurityConfig   : JWT Subject (User ID): 968199999
2025-12-29T16:40:50.661+07:00  INFO 6056 --- [blood-donation-service] [http-nio-1760-exec-7] c.i.b.i.Config.Security.SecurityConfig   : JWT Scope: ROLE_USER
2025-12-29T16:40:50.664+07:00  INFO 6056 --- [blood-donation-service] [http-nio-1760-exec-7] c.i.b.s.h.m.MetadataHandlerAspect        : ========== METADATA HANDLER START ==========
2025-12-29T16:40:50.664+07:00  INFO 6056 --- [blood-donation-service] [http-nio-1760-exec-7] c.i.b.s.h.m.MetadataHandlerAspect        : User ID: 2
2025-12-29T16:40:50.664+07:00  INFO 6056 --- [blood-donation-service] [http-nio-1760-exec-7] c.i.b.s.h.m.MetadataHandlerAspect        : Phone Number: 968199999
2025-12-29T16:40:50.664+07:00  INFO 6056 --- [blood-donation-service] [http-nio-1760-exec-7] c.i.b.s.h.m.MetadataHandlerAspect        : Role/Scope: ROLE_USER
2025-12-29T16:40:50.664+07:00  INFO 6056 --- [blood-donation-service] [http-nio-1760-exec-7] c.i.b.s.h.m.MetadataHandlerAspect        : ========== METADATA HANDLER END ==========
2025-12-29T16:44:04.428+07:00  INFO 6056 --- [blood-donation-service] [http-nio-1760-exec-9] c.i.b.i.Config.Security.SecurityConfig   : JWT Subject (User ID): 968199999
2025-12-29T16:44:04.428+07:00  INFO 6056 --- [blood-donation-service] [http-nio-1760-exec-9] c.i.b.i.Config.Security.SecurityConfig   : JWT Scope: ROLE_USER
2025-12-29T16:44:04.431+07:00  INFO 6056 --- [blood-donation-service] [http-nio-1760-exec-9] c.i.b.s.h.m.MetadataHandlerAspect        : ========== METADATA HANDLER START ==========
2025-12-29T16:44:04.431+07:00  INFO 6056 --- [blood-donation-service] [http-nio-1760-exec-9] c.i.b.s.h.m.MetadataHandlerAspect        : User ID: 2
2025-12-29T16:44:04.431+07:00  INFO 6056 --- [blood-donation-service] [http-nio-1760-exec-9] c.i.b.s.h.m.MetadataHandlerAspect        : Phone Number: 968199999
2025-12-29T16:44:04.431+07:00  INFO 6056 --- [blood-donation-service] [http-nio-1760-exec-9] c.i.b.s.h.m.MetadataHandlerAspect        : Role/Scope: ROLE_USER
2025-12-29T16:44:04.431+07:00  INFO 6056 --- [blood-donation-service] [http-nio-1760-exec-9] c.i.b.s.h.m.MetadataHandlerAspect        : ========== METADATA HANDLER END ==========
2025-12-29T16:44:10.212+07:00  INFO 6056 --- [blood-donation-service] [http-nio-1760-exec-4] c.i.b.i.Config.Security.SecurityConfig   : JWT Subject (User ID): 968199999
2025-12-29T16:44:10.212+07:00  INFO 6056 --- [blood-donation-service] [http-nio-1760-exec-4] c.i.b.i.Config.Security.SecurityConfig   : JWT Scope: ROLE_USER
2025-12-29T16:44:10.215+07:00  INFO 6056 --- [blood-donation-service] [http-nio-1760-exec-4] c.i.b.s.h.m.MetadataHandlerAspect        : ========== METADATA HANDLER START ==========
2025-12-29T16:44:10.215+07:00  INFO 6056 --- [blood-donation-service] [http-nio-1760-exec-4] c.i.b.s.h.m.MetadataHandlerAspect        : User ID: 2
2025-12-29T16:44:10.215+07:00  INFO 6056 --- [blood-donation-service] [http-nio-1760-exec-4] c.i.b.s.h.m.MetadataHandlerAspect        : Phone Number: 968199999
2025-12-29T16:44:10.215+07:00  INFO 6056 --- [blood-donation-service] [http-nio-1760-exec-4] c.i.b.s.h.m.MetadataHandlerAspect        : Role/Scope: ROLE_USER
2025-12-29T16:44:10.215+07:00  INFO 6056 --- [blood-donation-service] [http-nio-1760-exec-4] c.i.b.s.h.m.MetadataHandlerAspect        : ========== METADATA HANDLER END ==========
2025-12-29T16:46:36.446+07:00  INFO 6056 --- [blood-donation-service] [http-nio-1760-exec-3] c.i.b.i.Config.Security.SecurityConfig   : JWT Subject (User ID): 968199999
2025-12-29T16:46:36.446+07:00  INFO 6056 --- [blood-donation-service] [http-nio-1760-exec-3] c.i.b.i.Config.Security.SecurityConfig   : JWT Scope: ROLE_USER
2025-12-29T16:46:36.448+07:00  INFO 6056 --- [blood-donation-service] [http-nio-1760-exec-3] c.i.b.s.h.m.MetadataHandlerAspect        : ========== METADATA HANDLER START ==========
2025-12-29T16:46:36.448+07:00  INFO 6056 --- [blood-donation-service] [http-nio-1760-exec-3] c.i.b.s.h.m.MetadataHandlerAspect        : User ID: 2
2025-12-29T16:46:36.448+07:00  INFO 6056 --- [blood-donation-service] [http-nio-1760-exec-3] c.i.b.s.h.m.MetadataHandlerAspect        : Phone Number: 968199999
2025-12-29T16:46:36.448+07:00  INFO 6056 --- [blood-donation-service] [http-nio-1760-exec-3] c.i.b.s.h.m.MetadataHandlerAspect        : Role/Scope: ROLE_USER
2025-12-29T16:46:36.448+07:00  INFO 6056 --- [blood-donation-service] [http-nio-1760-exec-3] c.i.b.s.h.m.MetadataHandlerAspect        : ========== METADATA HANDLER END ==========
2025-12-29T16:46:57.759+07:00  INFO 6056 --- [blood-donation-service] [http-nio-1760-exec-5] c.i.b.i.Config.Security.SecurityConfig   : JWT Subject (User ID): 968199999
2025-12-29T16:46:57.760+07:00  INFO 6056 --- [blood-donation-service] [http-nio-1760-exec-5] c.i.b.i.Config.Security.SecurityConfig   : JWT Scope: ROLE_USER
2025-12-29T16:46:57.762+07:00  INFO 6056 --- [blood-donation-service] [http-nio-1760-exec-5] c.i.b.s.h.m.MetadataHandlerAspect        : ========== METADATA HANDLER START ==========
2025-12-29T16:46:57.763+07:00  INFO 6056 --- [blood-donation-service] [http-nio-1760-exec-5] c.i.b.s.h.m.MetadataHandlerAspect        : User ID: 2
2025-12-29T16:46:57.763+07:00  INFO 6056 --- [blood-donation-service] [http-nio-1760-exec-5] c.i.b.s.h.m.MetadataHandlerAspect        : Phone Number: 968199999
2025-12-29T16:46:57.763+07:00  INFO 6056 --- [blood-donation-service] [http-nio-1760-exec-5] c.i.b.s.h.m.MetadataHandlerAspect        : Role/Scope: ROLE_USER
2025-12-29T16:46:57.763+07:00  INFO 6056 --- [blood-donation-service] [http-nio-1760-exec-5] c.i.b.s.h.m.MetadataHandlerAspect        : ========== METADATA HANDLER END ==========
2025-12-29T16:50:11.570+07:00  INFO 6056 --- [blood-donation-service] [http-nio-1760-exec-7] c.i.b.i.Config.Security.SecurityConfig   : JWT Subject (User ID): 968199999
2025-12-29T16:50:11.570+07:00  INFO 6056 --- [blood-donation-service] [http-nio-1760-exec-7] c.i.b.i.Config.Security.SecurityConfig   : JWT Scope: ROLE_USER
2025-12-29T16:50:11.572+07:00  INFO 6056 --- [blood-donation-service] [http-nio-1760-exec-7] c.i.b.s.h.m.MetadataHandlerAspect        : ========== METADATA HANDLER START ==========
2025-12-29T16:50:11.572+07:00  INFO 6056 --- [blood-donation-service] [http-nio-1760-exec-7] c.i.b.s.h.m.MetadataHandlerAspect        : User ID: 2
2025-12-29T16:50:11.572+07:00  INFO 6056 --- [blood-donation-service] [http-nio-1760-exec-7] c.i.b.s.h.m.MetadataHandlerAspect        : Phone Number: 968199999
2025-12-29T16:50:11.572+07:00  INFO 6056 --- [blood-donation-service] [http-nio-1760-exec-7] c.i.b.s.h.m.MetadataHandlerAspect        : Role/Scope: ROLE_USER
2025-12-29T16:50:11.572+07:00  INFO 6056 --- [blood-donation-service] [http-nio-1760-exec-7] c.i.b.s.h.m.MetadataHandlerAspect        : ========== METADATA HANDLER END ==========
2025-12-29T16:50:16.306+07:00  INFO 6056 --- [blood-donation-service] [http-nio-1760-exec-9] c.i.b.i.Config.Security.SecurityConfig   : JWT Subject (User ID): 968199999
2025-12-29T16:50:16.306+07:00  INFO 6056 --- [blood-donation-service] [http-nio-1760-exec-9] c.i.b.i.Config.Security.SecurityConfig   : JWT Scope: ROLE_USER
2025-12-29T16:51:57.302+07:00  INFO 6056 --- [blood-donation-service] [http-nio-1760-exec-4] c.i.b.i.Config.Security.SecurityConfig   : JWT Subject (User ID): 968199999
2025-12-29T16:51:57.303+07:00  INFO 6056 --- [blood-donation-service] [http-nio-1760-exec-4] c.i.b.i.Config.Security.SecurityConfig   : JWT Scope: ROLE_USER
2025-12-29T16:51:58.888+07:00  INFO 6056 --- [blood-donation-service] [http-nio-1760-exec-3] c.i.b.i.Config.Security.SecurityConfig   : JWT Subject (User ID): 968199999
2025-12-29T16:51:58.889+07:00  INFO 6056 --- [blood-donation-service] [http-nio-1760-exec-3] c.i.b.i.Config.Security.SecurityConfig   : JWT Scope: ROLE_USER
2025-12-29T16:52:04.048+07:00  INFO 6056 --- [blood-donation-service] [http-nio-1760-exec-5] c.i.b.i.Config.Security.SecurityConfig   : JWT Subject (User ID): 968199999
2025-12-29T16:52:04.049+07:00  INFO 6056 --- [blood-donation-service] [http-nio-1760-exec-5] c.i.b.i.Config.Security.SecurityConfig   : JWT Scope: ROLE_USER
2025-12-29T16:52:05.051+07:00  INFO 6056 --- [blood-donation-service] [http-nio-1760-exec-7] c.i.b.i.Config.Security.SecurityConfig   : JWT Subject (User ID): 968199999
2025-12-29T16:52:05.051+07:00  INFO 6056 --- [blood-donation-service] [http-nio-1760-exec-7] c.i.b.i.Config.Security.SecurityConfig   : JWT Scope: ROLE_USER
2025-12-29T16:52:06.418+07:00  INFO 6056 --- [blood-donation-service] [http-nio-1760-exec-9] c.i.b.i.Config.Security.SecurityConfig   : JWT Subject (User ID): 968199999
2025-12-29T16:52:06.418+07:00  INFO 6056 --- [blood-donation-service] [http-nio-1760-exec-9] c.i.b.i.Config.Security.SecurityConfig   : JWT Scope: ROLE_USER
2025-12-29T16:52:11.188+07:00  INFO 6056 --- [blood-donation-service] [http-nio-1760-exec-4] c.i.b.d.b.a.a.AuthServiceFacade          : authenticated user: [ROLE_USER]
2025-12-29T16:52:11.189+07:00  INFO 6056 --- [blood-donation-service] [http-nio-1760-exec-4] c.i.b.d.b.a.a.AuthServiceFacade          : scope: ROLE_USER
2025-12-29T16:52:15.794+07:00  INFO 6056 --- [blood-donation-service] [http-nio-1760-exec-1] c.i.b.i.Config.Security.SecurityConfig   : JWT Subject (User ID): 968199999
2025-12-29T16:52:15.795+07:00  INFO 6056 --- [blood-donation-service] [http-nio-1760-exec-1] c.i.b.i.Config.Security.SecurityConfig   : JWT Scope: ROLE_USER
2025-12-29T16:52:31.342+07:00  INFO 6056 --- [blood-donation-service] [http-nio-1760-exec-2] c.i.b.i.Config.Security.SecurityConfig   : JWT Subject (User ID): 968199999
2025-12-29T16:52:31.342+07:00  INFO 6056 --- [blood-donation-service] [http-nio-1760-exec-2] c.i.b.i.Config.Security.SecurityConfig   : JWT Scope: ROLE_USER
2025-12-29T16:54:51.357+07:00  INFO 6056 --- [blood-donation-service] [http-nio-1760-exec-6] c.i.b.i.Config.Security.SecurityConfig   : JWT Subject (User ID): 968199999
2025-12-29T16:54:51.357+07:00  INFO 6056 --- [blood-donation-service] [http-nio-1760-exec-6] c.i.b.i.Config.Security.SecurityConfig   : JWT Scope: ROLE_USER
2025-12-29T17:02:29.546+07:00  INFO 6056 --- [blood-donation-service] [SpringApplicationShutdownHook] o.s.b.w.e.tomcat.GracefulShutdown        : Commencing graceful shutdown. Waiting for active requests to complete
2025-12-29T17:02:29.554+07:00  INFO 6056 --- [blood-donation-service] [tomcat-shutdown] o.s.b.w.e.tomcat.GracefulShutdown        : Graceful shutdown complete
2025-12-29T17:02:31.643+07:00  INFO 6056 --- [blood-donation-service] [SpringApplicationShutdownHook] j.LocalContainerEntityManagerFactoryBean : Closing JPA EntityManagerFactory for persistence unit 'default'
2025-12-29T17:02:31.647+07:00  INFO 6056 --- [blood-donation-service] [SpringApplicationShutdownHook] com.zaxxer.hikari.HikariDataSource       : blood-donation-pool - Shutdown initiated...
2025-12-29T17:02:31.659+07:00  INFO 6056 --- [blood-donation-service] [SpringApplicationShutdownHook] com.zaxxer.hikari.HikariDataSource       : blood-donation-pool - Shutdown completed.
2025-12-29T21:24:07.932+07:00  INFO 10040 --- [blood-donation-service] [main] c.i.b.BloodDonationServiceApplication    : Starting BloodDonationServiceApplication using Java 21.0.9 with PID 10040 (D:\document\Springboot\blood-donation-service\target\classes started by CC_computer in D:\document\Springboot\blood-donation-service)
2025-12-29T21:24:07.935+07:00  INFO 10040 --- [blood-donation-service] [main] c.i.b.BloodDonationServiceApplication    : No active profile set, falling back to 1 default profile: "default"
2025-12-29T21:24:09.739+07:00  INFO 10040 --- [blood-donation-service] [main] .s.d.r.c.RepositoryConfigurationDelegate : Bootstrapping Spring Data JPA repositories in DEFAULT mode.
2025-12-29T21:24:10.043+07:00  INFO 10040 --- [blood-donation-service] [main] .s.d.r.c.RepositoryConfigurationDelegate : Finished Spring Data repository scanning in 287 ms. Found 10 JPA repository interfaces.
2025-12-29T21:24:11.237+07:00  INFO 10040 --- [blood-donation-service] [main] o.s.b.w.embedded.tomcat.TomcatWebServer  : Tomcat initialized with port 1760 (http)
2025-12-29T21:24:11.258+07:00  INFO 10040 --- [blood-donation-service] [main] o.apache.catalina.core.StandardService   : Starting service [Tomcat]
2025-12-29T21:24:11.260+07:00  INFO 10040 --- [blood-donation-service] [main] o.apache.catalina.core.StandardEngine    : Starting Servlet engine: [Apache Tomcat/10.1.49]
2025-12-29T21:24:11.354+07:00  INFO 10040 --- [blood-donation-service] [main] o.a.c.c.C.[Tomcat].[localhost].[/]       : Initializing Spring embedded WebApplicationContext
2025-12-29T21:24:11.354+07:00  INFO 10040 --- [blood-donation-service] [main] w.s.c.ServletWebServerApplicationContext : Root WebApplicationContext: initialization completed in 3363 ms
2025-12-29T21:24:11.941+07:00  INFO 10040 --- [blood-donation-service] [main] com.zaxxer.hikari.HikariDataSource       : blood-donation-pool - Starting...
2025-12-29T21:24:12.751+07:00  INFO 10040 --- [blood-donation-service] [main] com.zaxxer.hikari.pool.HikariPool        : blood-donation-pool - Added connection com.mysql.cj.jdbc.ConnectionImpl@69a3bf40
2025-12-29T21:24:12.756+07:00  INFO 10040 --- [blood-donation-service] [main] com.zaxxer.hikari.HikariDataSource       : blood-donation-pool - Start completed.
2025-12-29T21:24:12.846+07:00  INFO 10040 --- [blood-donation-service] [main] org.flywaydb.core.FlywayExecutor         : Database: jdbc:mysql://localhost:3306/blood_donation_service_db?useUnicode=true&characterEncoding=UTF-8&useLegacyDatetimeCode=false&serverTimezone=UTC (MySQL 8.0)
2025-12-29T21:24:12.986+07:00  INFO 10040 --- [blood-donation-service] [main] o.f.core.internal.command.DbValidate     : Successfully validated 1 migration (execution time 00:00.084s)
2025-12-29T21:24:13.036+07:00  INFO 10040 --- [blood-donation-service] [main] o.f.core.internal.command.DbMigrate      : Current version of schema `blood_donation_service_db`: 1
2025-12-29T21:24:13.046+07:00  INFO 10040 --- [blood-donation-service] [main] o.f.core.internal.command.DbMigrate      : Schema `blood_donation_service_db` is up to date. No migration necessary.
2025-12-29T21:24:13.338+07:00  INFO 10040 --- [blood-donation-service] [main] o.hibernate.jpa.internal.util.LogHelper  : HHH000204: Processing PersistenceUnitInfo [name: default]
2025-12-29T21:24:13.496+07:00  INFO 10040 --- [blood-donation-service] [main] org.hibernate.Version                    : HHH000412: Hibernate ORM core version 6.6.36.Final
2025-12-29T21:24:13.589+07:00  INFO 10040 --- [blood-donation-service] [main] o.h.c.internal.RegionFactoryInitiator    : HHH000026: Second-level cache disabled
2025-12-29T21:24:14.257+07:00  INFO 10040 --- [blood-donation-service] [main] o.s.o.j.p.SpringPersistenceUnitInfo      : No LoadTimeWeaver setup: ignoring JPA class transformer
2025-12-29T21:24:14.445+07:00  INFO 10040 --- [blood-donation-service] [main] org.hibernate.orm.connections.pooling    : HHH10001005: Database info:
	Database JDBC URL [Connecting through datasource 'HikariDataSource (blood-donation-pool)']
	Database driver: undefined/unknown
	Database version: 8.0.36
	Autocommit mode: undefined/unknown
	Isolation level: undefined/unknown
	Minimum pool size: undefined/unknown
	Maximum pool size: undefined/unknown
2025-12-29T21:24:16.827+07:00  INFO 10040 --- [blood-donation-service] [main] o.h.e.t.j.p.i.JtaPlatformInitiator       : HHH000489: No JTA platform available (set 'hibernate.transaction.jta.platform' to enable JTA platform integration)
2025-12-29T21:24:17.114+07:00  INFO 10040 --- [blood-donation-service] [main] j.LocalContainerEntityManagerFactoryBean : Initialized JPA EntityManagerFactory for persistence unit 'default'
2025-12-29T21:24:42.096+07:00  INFO 10040 --- [blood-donation-service] [main] o.s.d.j.r.query.QueryEnhancerFactory     : Hibernate is in classpath; If applicable, HQL parser will be used.
2025-12-29T21:24:44.400+07:00  INFO 10040 --- [blood-donation-service] [main] o.s.b.a.e.web.EndpointLinksResolver      : Exposing 1 endpoint beneath base path '/actuator'
2025-12-29T21:24:44.444+07:00  INFO 10040 --- [blood-donation-service] [main] eAuthenticationProviderManagerConfigurer : Found 2 AuthenticationProvider beans, with names [jwtAuthenticationProvider, daoAuthenticationProvider]. Global Authentication Manager will not be configured with AuthenticationProviders. Consider publishing a single AuthenticationProvider bean, or wiring your Providers directly using the DSL.
2025-12-29T21:24:44.449+07:00  INFO 10040 --- [blood-donation-service] [main] r$InitializeUserDetailsManagerConfigurer : Global AuthenticationManager configured with UserDetailsService bean with name userDetailsServiceImpl
2025-12-29T21:24:45.465+07:00  INFO 10040 --- [blood-donation-service] [main] o.s.b.w.embedded.tomcat.TomcatWebServer  : Tomcat started on port 1760 (http) with context path '/'
2025-12-29T21:24:45.485+07:00  INFO 10040 --- [blood-donation-service] [main] c.i.b.BloodDonationServiceApplication    : Started BloodDonationServiceApplication in 38.278 seconds (process running for 39.991)
2025-12-29T21:24:45.762+07:00  INFO 10040 --- [blood-donation-service] [RMI TCP Connection(10)-192.168.1.4] o.a.c.c.C.[Tomcat].[localhost].[/]       : Initializing Spring DispatcherServlet 'dispatcherServlet'
2025-12-29T21:24:45.762+07:00  INFO 10040 --- [blood-donation-service] [RMI TCP Connection(10)-192.168.1.4] o.s.web.servlet.DispatcherServlet        : Initializing Servlet 'dispatcherServlet'
2025-12-29T21:24:45.771+07:00  INFO 10040 --- [blood-donation-service] [RMI TCP Connection(10)-192.168.1.4] o.s.web.servlet.DispatcherServlet        : Completed initialization in 9 ms
2025-12-29T21:45:15.528+07:00  INFO 10040 --- [blood-donation-service] [SpringApplicationShutdownHook] o.s.b.w.e.tomcat.GracefulShutdown        : Commencing graceful shutdown. Waiting for active requests to complete
2025-12-29T21:45:15.536+07:00  INFO 10040 --- [blood-donation-service] [tomcat-shutdown] o.s.b.w.e.tomcat.GracefulShutdown        : Graceful shutdown complete
2025-12-29T21:45:15.561+07:00  INFO 10040 --- [blood-donation-service] [SpringApplicationShutdownHook] j.LocalContainerEntityManagerFactoryBean : Closing JPA EntityManagerFactory for persistence unit 'default'
2025-12-29T21:45:15.564+07:00  INFO 10040 --- [blood-donation-service] [SpringApplicationShutdownHook] com.zaxxer.hikari.HikariDataSource       : blood-donation-pool - Shutdown initiated...
2025-12-29T21:45:15.576+07:00  INFO 10040 --- [blood-donation-service] [SpringApplicationShutdownHook] com.zaxxer.hikari.HikariDataSource       : blood-donation-pool - Shutdown completed.
2025-12-29T21:45:18.066+07:00  INFO 18636 --- [blood-donation-service] [main] c.i.b.BloodDonationServiceApplication    : Starting BloodDonationServiceApplication using Java 21.0.9 with PID 18636 (D:\document\Springboot\blood-donation-service\target\classes started by CC_computer in D:\document\Springboot\blood-donation-service)
2025-12-29T21:45:18.069+07:00  INFO 18636 --- [blood-donation-service] [main] c.i.b.BloodDonationServiceApplication    : No active profile set, falling back to 1 default profile: "default"
2025-12-29T21:45:19.176+07:00  INFO 18636 --- [blood-donation-service] [main] .s.d.r.c.RepositoryConfigurationDelegate : Bootstrapping Spring Data JPA repositories in DEFAULT mode.
2025-12-29T21:45:19.376+07:00  INFO 18636 --- [blood-donation-service] [main] .s.d.r.c.RepositoryConfigurationDelegate : Finished Spring Data repository scanning in 190 ms. Found 10 JPA repository interfaces.
2025-12-29T21:45:20.156+07:00  INFO 18636 --- [blood-donation-service] [main] o.s.b.w.embedded.tomcat.TomcatWebServer  : Tomcat initialized with port 1760 (http)
2025-12-29T21:45:20.178+07:00  INFO 18636 --- [blood-donation-service] [main] o.apache.catalina.core.StandardService   : Starting service [Tomcat]
2025-12-29T21:45:20.179+07:00  INFO 18636 --- [blood-donation-service] [main] o.apache.catalina.core.StandardEngine    : Starting Servlet engine: [Apache Tomcat/10.1.49]
2025-12-29T21:45:20.310+07:00  INFO 18636 --- [blood-donation-service] [main] o.a.c.c.C.[Tomcat].[localhost].[/]       : Initializing Spring embedded WebApplicationContext
2025-12-29T21:45:20.311+07:00  INFO 18636 --- [blood-donation-service] [main] w.s.c.ServletWebServerApplicationContext : Root WebApplicationContext: initialization completed in 2206 ms
2025-12-29T21:45:21.016+07:00  INFO 18636 --- [blood-donation-service] [main] com.zaxxer.hikari.HikariDataSource       : blood-donation-pool - Starting...
2025-12-29T21:45:21.707+07:00  INFO 18636 --- [blood-donation-service] [main] com.zaxxer.hikari.pool.HikariPool        : blood-donation-pool - Added connection com.mysql.cj.jdbc.ConnectionImpl@74787609
2025-12-29T21:45:21.712+07:00  INFO 18636 --- [blood-donation-service] [main] com.zaxxer.hikari.HikariDataSource       : blood-donation-pool - Start completed.
2025-12-29T21:45:21.773+07:00  INFO 18636 --- [blood-donation-service] [main] org.flywaydb.core.FlywayExecutor         : Database: jdbc:mysql://localhost:3306/blood_donation_service_db?useUnicode=true&characterEncoding=UTF-8&useLegacyDatetimeCode=false&serverTimezone=UTC (MySQL 8.0)
2025-12-29T21:45:21.880+07:00  INFO 18636 --- [blood-donation-service] [main] o.f.core.internal.command.DbValidate     : Successfully validated 1 migration (execution time 00:00.058s)
2025-12-29T21:45:21.923+07:00  INFO 18636 --- [blood-donation-service] [main] o.f.core.internal.command.DbMigrate      : Current version of schema `blood_donation_service_db`: 1
2025-12-29T21:45:21.931+07:00  INFO 18636 --- [blood-donation-service] [main] o.f.core.internal.command.DbMigrate      : Schema `blood_donation_service_db` is up to date. No migration necessary.
2025-12-29T21:45:22.155+07:00  INFO 18636 --- [blood-donation-service] [main] o.hibernate.jpa.internal.util.LogHelper  : HHH000204: Processing PersistenceUnitInfo [name: default]
2025-12-29T21:45:22.266+07:00  INFO 18636 --- [blood-donation-service] [main] org.hibernate.Version                    : HHH000412: Hibernate ORM core version 6.6.36.Final
2025-12-29T21:45:22.330+07:00  INFO 18636 --- [blood-donation-service] [main] o.h.c.internal.RegionFactoryInitiator    : HHH000026: Second-level cache disabled
2025-12-29T21:45:22.894+07:00  INFO 18636 --- [blood-donation-service] [main] o.s.o.j.p.SpringPersistenceUnitInfo      : No LoadTimeWeaver setup: ignoring JPA class transformer
2025-12-29T21:45:23.084+07:00  INFO 18636 --- [blood-donation-service] [main] org.hibernate.orm.connections.pooling    : HHH10001005: Database info:
	Database JDBC URL [Connecting through datasource 'HikariDataSource (blood-donation-pool)']
	Database driver: undefined/unknown
	Database version: 8.0.36
	Autocommit mode: undefined/unknown
	Isolation level: undefined/unknown
	Minimum pool size: undefined/unknown
	Maximum pool size: undefined/unknown
2025-12-29T21:45:25.401+07:00  INFO 18636 --- [blood-donation-service] [main] o.h.e.t.j.p.i.JtaPlatformInitiator       : HHH000489: No JTA platform available (set 'hibernate.transaction.jta.platform' to enable JTA platform integration)
2025-12-29T21:45:25.652+07:00  INFO 18636 --- [blood-donation-service] [main] j.LocalContainerEntityManagerFactoryBean : Initialized JPA EntityManagerFactory for persistence unit 'default'
2025-12-29T21:45:40.830+07:00  INFO 18636 --- [blood-donation-service] [main] o.s.d.j.r.query.QueryEnhancerFactory     : Hibernate is in classpath; If applicable, HQL parser will be used.
2025-12-29T21:45:42.280+07:00  INFO 18636 --- [blood-donation-service] [main] o.s.b.a.e.web.EndpointLinksResolver      : Exposing 1 endpoint beneath base path '/actuator'
2025-12-29T21:45:42.328+07:00  INFO 18636 --- [blood-donation-service] [main] eAuthenticationProviderManagerConfigurer : Found 2 AuthenticationProvider beans, with names [jwtAuthenticationProvider, daoAuthenticationProvider]. Global Authentication Manager will not be configured with AuthenticationProviders. Consider publishing a single AuthenticationProvider bean, or wiring your Providers directly using the DSL.
2025-12-29T21:45:42.330+07:00  INFO 18636 --- [blood-donation-service] [main] r$InitializeUserDetailsManagerConfigurer : Global AuthenticationManager configured with UserDetailsService bean with name userDetailsServiceImpl
2025-12-29T21:45:43.034+07:00  INFO 18636 --- [blood-donation-service] [main] o.s.b.w.embedded.tomcat.TomcatWebServer  : Tomcat started on port 1760 (http) with context path '/'
2025-12-29T21:45:43.049+07:00  INFO 18636 --- [blood-donation-service] [main] c.i.b.BloodDonationServiceApplication    : Started BloodDonationServiceApplication in 25.519 seconds (process running for 26.536)
2025-12-29T21:45:43.307+07:00  INFO 18636 --- [blood-donation-service] [RMI TCP Connection(5)-192.168.1.4] o.a.c.c.C.[Tomcat].[localhost].[/]       : Initializing Spring DispatcherServlet 'dispatcherServlet'
2025-12-29T21:45:43.308+07:00  INFO 18636 --- [blood-donation-service] [RMI TCP Connection(5)-192.168.1.4] o.s.web.servlet.DispatcherServlet        : Initializing Servlet 'dispatcherServlet'
2025-12-29T21:45:43.310+07:00  INFO 18636 --- [blood-donation-service] [RMI TCP Connection(5)-192.168.1.4] o.s.web.servlet.DispatcherServlet        : Completed initialization in 2 ms
2025-12-29T21:45:47.296+07:00  INFO 18636 --- [blood-donation-service] [http-nio-1760-exec-2] c.i.b.d.b.a.a.AuthServiceFacade          : authenticated user: [ROLE_USER]
2025-12-29T21:45:47.298+07:00  INFO 18636 --- [blood-donation-service] [http-nio-1760-exec-2] c.i.b.d.b.a.a.AuthServiceFacade          : scope: ROLE_USER
2025-12-29T21:45:51.562+07:00  INFO 18636 --- [blood-donation-service] [http-nio-1760-exec-3] c.i.b.i.Config.Security.SecurityConfig   : JWT Subject (User ID): 968199999
2025-12-29T21:45:51.562+07:00  INFO 18636 --- [blood-donation-service] [http-nio-1760-exec-3] c.i.b.i.Config.Security.SecurityConfig   : JWT Scope: ROLE_USER
2025-12-29T21:57:03.224+07:00  INFO 18636 --- [blood-donation-service] [SpringApplicationShutdownHook] o.s.b.w.e.tomcat.GracefulShutdown        : Commencing graceful shutdown. Waiting for active requests to complete
2025-12-29T21:57:03.233+07:00  INFO 18636 --- [blood-donation-service] [tomcat-shutdown] o.s.b.w.e.tomcat.GracefulShutdown        : Graceful shutdown complete
2025-12-29T21:57:03.258+07:00  INFO 18636 --- [blood-donation-service] [SpringApplicationShutdownHook] j.LocalContainerEntityManagerFactoryBean : Closing JPA EntityManagerFactory for persistence unit 'default'
2025-12-29T21:57:03.261+07:00  INFO 18636 --- [blood-donation-service] [SpringApplicationShutdownHook] com.zaxxer.hikari.HikariDataSource       : blood-donation-pool - Shutdown initiated...
2025-12-29T21:57:03.272+07:00  INFO 18636 --- [blood-donation-service] [SpringApplicationShutdownHook] com.zaxxer.hikari.HikariDataSource       : blood-donation-pool - Shutdown completed.
2025-12-29T21:57:05.553+07:00  INFO 13692 --- [blood-donation-service] [main] c.i.b.BloodDonationServiceApplication    : Starting BloodDonationServiceApplication using Java 21.0.9 with PID 13692 (D:\document\Springboot\blood-donation-service\target\classes started by CC_computer in D:\document\Springboot\blood-donation-service)
2025-12-29T21:57:05.555+07:00  INFO 13692 --- [blood-donation-service] [main] c.i.b.BloodDonationServiceApplication    : No active profile set, falling back to 1 default profile: "default"
2025-12-29T21:57:06.537+07:00  INFO 13692 --- [blood-donation-service] [main] .s.d.r.c.RepositoryConfigurationDelegate : Bootstrapping Spring Data JPA repositories in DEFAULT mode.
2025-12-29T21:57:06.715+07:00  INFO 13692 --- [blood-donation-service] [main] .s.d.r.c.RepositoryConfigurationDelegate : Finished Spring Data repository scanning in 168 ms. Found 10 JPA repository interfaces.
2025-12-29T21:57:07.300+07:00  INFO 13692 --- [blood-donation-service] [main] o.s.b.w.embedded.tomcat.TomcatWebServer  : Tomcat initialized with port 1760 (http)
2025-12-29T21:57:07.312+07:00  INFO 13692 --- [blood-donation-service] [main] o.apache.catalina.core.StandardService   : Starting service [Tomcat]
2025-12-29T21:57:07.312+07:00  INFO 13692 --- [blood-donation-service] [main] o.apache.catalina.core.StandardEngine    : Starting Servlet engine: [Apache Tomcat/10.1.49]
2025-12-29T21:57:07.369+07:00  INFO 13692 --- [blood-donation-service] [main] o.a.c.c.C.[Tomcat].[localhost].[/]       : Initializing Spring embedded WebApplicationContext
2025-12-29T21:57:07.369+07:00  INFO 13692 --- [blood-donation-service] [main] w.s.c.ServletWebServerApplicationContext : Root WebApplicationContext: initialization completed in 1777 ms
2025-12-29T21:57:07.701+07:00  INFO 13692 --- [blood-donation-service] [main] com.zaxxer.hikari.HikariDataSource       : blood-donation-pool - Starting...
2025-12-29T21:57:07.991+07:00  INFO 13692 --- [blood-donation-service] [main] com.zaxxer.hikari.pool.HikariPool        : blood-donation-pool - Added connection com.mysql.cj.jdbc.ConnectionImpl@55a66bbf
2025-12-29T21:57:07.994+07:00  INFO 13692 --- [blood-donation-service] [main] com.zaxxer.hikari.HikariDataSource       : blood-donation-pool - Start completed.
2025-12-29T21:57:08.032+07:00  INFO 13692 --- [blood-donation-service] [main] org.flywaydb.core.FlywayExecutor         : Database: jdbc:mysql://localhost:3306/blood_donation_service_db?useUnicode=true&characterEncoding=UTF-8&useLegacyDatetimeCode=false&serverTimezone=UTC (MySQL 8.0)
2025-12-29T21:57:08.096+07:00  INFO 13692 --- [blood-donation-service] [main] o.f.core.internal.command.DbValidate     : Successfully validated 1 migration (execution time 00:00.031s)
2025-12-29T21:57:08.120+07:00  INFO 13692 --- [blood-donation-service] [main] o.f.core.internal.command.DbMigrate      : Current version of schema `blood_donation_service_db`: 1
2025-12-29T21:57:08.124+07:00  INFO 13692 --- [blood-donation-service] [main] o.f.core.internal.command.DbMigrate      : Schema `blood_donation_service_db` is up to date. No migration necessary.
2025-12-29T21:57:08.239+07:00  INFO 13692 --- [blood-donation-service] [main] o.hibernate.jpa.internal.util.LogHelper  : HHH000204: Processing PersistenceUnitInfo [name: default]
2025-12-29T21:57:08.300+07:00  INFO 13692 --- [blood-donation-service] [main] org.hibernate.Version                    : HHH000412: Hibernate ORM core version 6.6.36.Final
2025-12-29T21:57:08.334+07:00  INFO 13692 --- [blood-donation-service] [main] o.h.c.internal.RegionFactoryInitiator    : HHH000026: Second-level cache disabled
2025-12-29T21:57:08.601+07:00  INFO 13692 --- [blood-donation-service] [main] o.s.o.j.p.SpringPersistenceUnitInfo      : No LoadTimeWeaver setup: ignoring JPA class transformer
2025-12-29T21:57:08.675+07:00  INFO 13692 --- [blood-donation-service] [main] org.hibernate.orm.connections.pooling    : HHH10001005: Database info:
	Database JDBC URL [Connecting through datasource 'HikariDataSource (blood-donation-pool)']
	Database driver: undefined/unknown
	Database version: 8.0.36
	Autocommit mode: undefined/unknown
	Isolation level: undefined/unknown
	Minimum pool size: undefined/unknown
	Maximum pool size: undefined/unknown
2025-12-29T21:57:09.777+07:00  INFO 13692 --- [blood-donation-service] [main] o.h.e.t.j.p.i.JtaPlatformInitiator       : HHH000489: No JTA platform available (set 'hibernate.transaction.jta.platform' to enable JTA platform integration)
2025-12-29T21:57:09.952+07:00  INFO 13692 --- [blood-donation-service] [main] j.LocalContainerEntityManagerFactoryBean : Initialized JPA EntityManagerFactory for persistence unit 'default'
2025-12-29T21:57:14.250+07:00  INFO 13692 --- [blood-donation-service] [main] o.s.d.j.r.query.QueryEnhancerFactory     : Hibernate is in classpath; If applicable, HQL parser will be used.
2025-12-29T21:57:16.421+07:00  INFO 13692 --- [blood-donation-service] [main] o.s.b.a.e.web.EndpointLinksResolver      : Exposing 1 endpoint beneath base path '/actuator'
2025-12-29T21:57:16.469+07:00  INFO 13692 --- [blood-donation-service] [main] eAuthenticationProviderManagerConfigurer : Found 2 AuthenticationProvider beans, with names [jwtAuthenticationProvider, daoAuthenticationProvider]. Global Authentication Manager will not be configured with AuthenticationProviders. Consider publishing a single AuthenticationProvider bean, or wiring your Providers directly using the DSL.
2025-12-29T21:57:16.471+07:00  INFO 13692 --- [blood-donation-service] [main] r$InitializeUserDetailsManagerConfigurer : Global AuthenticationManager configured with UserDetailsService bean with name userDetailsServiceImpl
2025-12-29T21:57:17.470+07:00  INFO 13692 --- [blood-donation-service] [main] o.s.b.w.embedded.tomcat.TomcatWebServer  : Tomcat started on port 1760 (http) with context path '/'
2025-12-29T21:57:17.490+07:00  INFO 13692 --- [blood-donation-service] [main] c.i.b.BloodDonationServiceApplication    : Started BloodDonationServiceApplication in 12.395 seconds (process running for 13.328)
2025-12-29T21:57:17.604+07:00  INFO 13692 --- [blood-donation-service] [http-nio-1760-exec-2] o.a.c.c.C.[Tomcat].[localhost].[/]       : Initializing Spring DispatcherServlet 'dispatcherServlet'
2025-12-29T21:57:17.605+07:00  INFO 13692 --- [blood-donation-service] [http-nio-1760-exec-2] o.s.web.servlet.DispatcherServlet        : Initializing Servlet 'dispatcherServlet'
2025-12-29T21:57:17.607+07:00  INFO 13692 --- [blood-donation-service] [http-nio-1760-exec-2] o.s.web.servlet.DispatcherServlet        : Completed initialization in 2 ms
2025-12-29T21:57:18.445+07:00  INFO 13692 --- [blood-donation-service] [http-nio-1760-exec-2] c.i.b.d.b.a.a.AuthServiceFacade          : authenticated user: [ROLE_USER]
2025-12-29T21:57:18.446+07:00  INFO 13692 --- [blood-donation-service] [http-nio-1760-exec-2] c.i.b.d.b.a.a.AuthServiceFacade          : scope: ROLE_USER
2025-12-29T21:57:23.618+07:00  INFO 13692 --- [blood-donation-service] [http-nio-1760-exec-3] c.i.b.i.Config.Security.SecurityConfig   : JWT Subject (User ID): 968199999
2025-12-29T21:57:23.618+07:00  INFO 13692 --- [blood-donation-service] [http-nio-1760-exec-3] c.i.b.i.Config.Security.SecurityConfig   : JWT Scope: ROLE_USER
2025-12-29T21:57:23.648+07:00  INFO 13692 --- [blood-donation-service] [http-nio-1760-exec-3] c.i.b.s.h.m.MetadataHandlerAspect        : ========== METADATA HANDLER START ==========
2025-12-29T21:57:23.649+07:00  INFO 13692 --- [blood-donation-service] [http-nio-1760-exec-3] c.i.b.s.h.m.MetadataHandlerAspect        : User ID: 2
2025-12-29T21:57:23.649+07:00  INFO 13692 --- [blood-donation-service] [http-nio-1760-exec-3] c.i.b.s.h.m.MetadataHandlerAspect        : Phone Number: 968199999
2025-12-29T21:57:23.649+07:00  INFO 13692 --- [blood-donation-service] [http-nio-1760-exec-3] c.i.b.s.h.m.MetadataHandlerAspect        : Role/Scope: ROLE_USER
2025-12-29T21:57:23.649+07:00  INFO 13692 --- [blood-donation-service] [http-nio-1760-exec-3] c.i.b.s.h.m.MetadataHandlerAspect        : ========== METADATA HANDLER END ==========
2025-12-29T21:57:23.654+07:00  INFO 13692 --- [blood-donation-service] [http-nio-1760-exec-3] c.i.b.s.h.m.MetadataHandlerAspect        : ========== METADATA HANDLER START ==========
2025-12-29T21:57:23.654+07:00  INFO 13692 --- [blood-donation-service] [http-nio-1760-exec-3] c.i.b.s.h.m.MetadataHandlerAspect        : User ID: 2
2025-12-29T21:57:23.655+07:00  INFO 13692 --- [blood-donation-service] [http-nio-1760-exec-3] c.i.b.s.h.m.MetadataHandlerAspect        : Phone Number: 968199999
2025-12-29T21:57:23.655+07:00  INFO 13692 --- [blood-donation-service] [http-nio-1760-exec-3] c.i.b.s.h.m.MetadataHandlerAspect        : Role/Scope: ROLE_USER
2025-12-29T21:57:23.655+07:00  INFO 13692 --- [blood-donation-service] [http-nio-1760-exec-3] c.i.b.s.h.m.MetadataHandlerAspect        : ========== METADATA HANDLER END ==========
2025-12-29T21:57:36.136+07:00  INFO 13692 --- [blood-donation-service] [http-nio-1760-exec-4] c.i.b.i.Config.Security.SecurityConfig   : JWT Subject (User ID): 968199999
2025-12-29T21:57:36.136+07:00  INFO 13692 --- [blood-donation-service] [http-nio-1760-exec-4] c.i.b.i.Config.Security.SecurityConfig   : JWT Scope: ROLE_USER
2025-12-29T21:57:36.142+07:00  INFO 13692 --- [blood-donation-service] [http-nio-1760-exec-4] c.i.b.s.h.m.MetadataHandlerAspect        : ========== METADATA HANDLER START ==========
2025-12-29T21:57:36.142+07:00  INFO 13692 --- [blood-donation-service] [http-nio-1760-exec-4] c.i.b.s.h.m.MetadataHandlerAspect        : User ID: 2
2025-12-29T21:57:36.142+07:00  INFO 13692 --- [blood-donation-service] [http-nio-1760-exec-4] c.i.b.s.h.m.MetadataHandlerAspect        : Phone Number: 968199999
2025-12-29T21:57:36.142+07:00  INFO 13692 --- [blood-donation-service] [http-nio-1760-exec-4] c.i.b.s.h.m.MetadataHandlerAspect        : Role/Scope: ROLE_USER
2025-12-29T21:57:36.142+07:00  INFO 13692 --- [blood-donation-service] [http-nio-1760-exec-4] c.i.b.s.h.m.MetadataHandlerAspect        : ========== METADATA HANDLER END ==========
2025-12-29T22:12:58.147+07:00  INFO 13692 --- [blood-donation-service] [SpringApplicationShutdownHook] o.s.b.w.e.tomcat.GracefulShutdown        : Commencing graceful shutdown. Waiting for active requests to complete
2025-12-29T22:12:58.157+07:00  INFO 13692 --- [blood-donation-service] [tomcat-shutdown] o.s.b.w.e.tomcat.GracefulShutdown        : Graceful shutdown complete
2025-12-29T22:12:58.187+07:00  INFO 13692 --- [blood-donation-service] [SpringApplicationShutdownHook] j.LocalContainerEntityManagerFactoryBean : Closing JPA EntityManagerFactory for persistence unit 'default'
2025-12-29T22:12:58.190+07:00  INFO 13692 --- [blood-donation-service] [SpringApplicationShutdownHook] com.zaxxer.hikari.HikariDataSource       : blood-donation-pool - Shutdown initiated...
2025-12-29T22:12:58.204+07:00  INFO 13692 --- [blood-donation-service] [SpringApplicationShutdownHook] com.zaxxer.hikari.HikariDataSource       : blood-donation-pool - Shutdown completed.
2025-12-29T22:13:01.958+07:00  INFO 5668 --- [blood-donation-service] [main] c.i.b.BloodDonationServiceApplication    : Starting BloodDonationServiceApplication using Java 21.0.9 with PID 5668 (D:\document\Springboot\blood-donation-service\target\classes started by CC_computer in D:\document\Springboot\blood-donation-service)
2025-12-29T22:13:01.960+07:00  INFO 5668 --- [blood-donation-service] [main] c.i.b.BloodDonationServiceApplication    : No active profile set, falling back to 1 default profile: "default"
2025-12-29T22:13:02.965+07:00  INFO 5668 --- [blood-donation-service] [main] .s.d.r.c.RepositoryConfigurationDelegate : Bootstrapping Spring Data JPA repositories in DEFAULT mode.
2025-12-29T22:13:03.204+07:00  INFO 5668 --- [blood-donation-service] [main] .s.d.r.c.RepositoryConfigurationDelegate : Finished Spring Data repository scanning in 226 ms. Found 10 JPA repository interfaces.
2025-12-29T22:13:03.884+07:00  INFO 5668 --- [blood-donation-service] [main] o.s.b.w.embedded.tomcat.TomcatWebServer  : Tomcat initialized with port 1760 (http)
2025-12-29T22:13:03.901+07:00  INFO 5668 --- [blood-donation-service] [main] o.apache.catalina.core.StandardService   : Starting service [Tomcat]
2025-12-29T22:13:03.901+07:00  INFO 5668 --- [blood-donation-service] [main] o.apache.catalina.core.StandardEngine    : Starting Servlet engine: [Apache Tomcat/10.1.49]
2025-12-29T22:13:03.964+07:00  INFO 5668 --- [blood-donation-service] [main] o.a.c.c.C.[Tomcat].[localhost].[/]       : Initializing Spring embedded WebApplicationContext
2025-12-29T22:13:03.964+07:00  INFO 5668 --- [blood-donation-service] [main] w.s.c.ServletWebServerApplicationContext : Root WebApplicationContext: initialization completed in 1971 ms
2025-12-29T22:13:04.279+07:00  INFO 5668 --- [blood-donation-service] [main] com.zaxxer.hikari.HikariDataSource       : blood-donation-pool - Starting...
2025-12-29T22:13:04.603+07:00  INFO 5668 --- [blood-donation-service] [main] com.zaxxer.hikari.pool.HikariPool        : blood-donation-pool - Added connection com.mysql.cj.jdbc.ConnectionImpl@44a485bc
2025-12-29T22:13:04.607+07:00  INFO 5668 --- [blood-donation-service] [main] com.zaxxer.hikari.HikariDataSource       : blood-donation-pool - Start completed.
2025-12-29T22:13:04.655+07:00  INFO 5668 --- [blood-donation-service] [main] org.flywaydb.core.FlywayExecutor         : Database: jdbc:mysql://localhost:3306/blood_donation_service_db?useUnicode=true&characterEncoding=UTF-8&useLegacyDatetimeCode=false&serverTimezone=UTC (MySQL 8.0)
2025-12-29T22:13:04.748+07:00  INFO 5668 --- [blood-donation-service] [main] o.f.core.internal.command.DbValidate     : Successfully validated 1 migration (execution time 00:00.047s)
2025-12-29T22:13:04.784+07:00  INFO 5668 --- [blood-donation-service] [main] o.f.core.internal.command.DbMigrate      : Current version of schema `blood_donation_service_db`: 1
2025-12-29T22:13:04.790+07:00  INFO 5668 --- [blood-donation-service] [main] o.f.core.internal.command.DbMigrate      : Schema `blood_donation_service_db` is up to date. No migration necessary.
2025-12-29T22:13:04.906+07:00  INFO 5668 --- [blood-donation-service] [main] o.hibernate.jpa.internal.util.LogHelper  : HHH000204: Processing PersistenceUnitInfo [name: default]
2025-12-29T22:13:04.961+07:00  INFO 5668 --- [blood-donation-service] [main] org.hibernate.Version                    : HHH000412: Hibernate ORM core version 6.6.36.Final
2025-12-29T22:13:04.996+07:00  INFO 5668 --- [blood-donation-service] [main] o.h.c.internal.RegionFactoryInitiator    : HHH000026: Second-level cache disabled
2025-12-29T22:13:05.302+07:00  INFO 5668 --- [blood-donation-service] [main] o.s.o.j.p.SpringPersistenceUnitInfo      : No LoadTimeWeaver setup: ignoring JPA class transformer
2025-12-29T22:13:05.422+07:00  INFO 5668 --- [blood-donation-service] [main] org.hibernate.orm.connections.pooling    : HHH10001005: Database info:
	Database JDBC URL [Connecting through datasource 'HikariDataSource (blood-donation-pool)']
	Database driver: undefined/unknown
	Database version: 8.0.36
	Autocommit mode: undefined/unknown
	Isolation level: undefined/unknown
	Minimum pool size: undefined/unknown
	Maximum pool size: undefined/unknown
2025-12-29T22:13:06.544+07:00  INFO 5668 --- [blood-donation-service] [main] o.h.e.t.j.p.i.JtaPlatformInitiator       : HHH000489: No JTA platform available (set 'hibernate.transaction.jta.platform' to enable JTA platform integration)
2025-12-29T22:13:06.719+07:00  INFO 5668 --- [blood-donation-service] [main] j.LocalContainerEntityManagerFactoryBean : Initialized JPA EntityManagerFactory for persistence unit 'default'
2025-12-29T22:13:11.515+07:00  INFO 5668 --- [blood-donation-service] [main] o.s.d.j.r.query.QueryEnhancerFactory     : Hibernate is in classpath; If applicable, HQL parser will be used.
2025-12-29T22:13:12.770+07:00  INFO 5668 --- [blood-donation-service] [main] o.s.b.a.e.web.EndpointLinksResolver      : Exposing 1 endpoint beneath base path '/actuator'
2025-12-29T22:13:12.795+07:00  INFO 5668 --- [blood-donation-service] [main] eAuthenticationProviderManagerConfigurer : Found 2 AuthenticationProvider beans, with names [jwtAuthenticationProvider, daoAuthenticationProvider]. Global Authentication Manager will not be configured with AuthenticationProviders. Consider publishing a single AuthenticationProvider bean, or wiring your Providers directly using the DSL.
2025-12-29T22:13:12.796+07:00  INFO 5668 --- [blood-donation-service] [main] r$InitializeUserDetailsManagerConfigurer : Global AuthenticationManager configured with UserDetailsService bean with name userDetailsServiceImpl
2025-12-29T22:13:13.241+07:00  INFO 5668 --- [blood-donation-service] [main] o.s.b.w.embedded.tomcat.TomcatWebServer  : Tomcat started on port 1760 (http) with context path '/'
2025-12-29T22:13:13.251+07:00  INFO 5668 --- [blood-donation-service] [main] c.i.b.BloodDonationServiceApplication    : Started BloodDonationServiceApplication in 11.803 seconds (process running for 12.74)
2025-12-29T22:13:13.426+07:00  INFO 5668 --- [blood-donation-service] [RMI TCP Connection(5)-192.168.1.4] o.a.c.c.C.[Tomcat].[localhost].[/]       : Initializing Spring DispatcherServlet 'dispatcherServlet'
2025-12-29T22:13:13.426+07:00  INFO 5668 --- [blood-donation-service] [RMI TCP Connection(5)-192.168.1.4] o.s.web.servlet.DispatcherServlet        : Initializing Servlet 'dispatcherServlet'
2025-12-29T22:13:13.428+07:00  INFO 5668 --- [blood-donation-service] [RMI TCP Connection(5)-192.168.1.4] o.s.web.servlet.DispatcherServlet        : Completed initialization in 2 ms
2025-12-29T22:13:26.724+07:00  INFO 5668 --- [blood-donation-service] [http-nio-1760-exec-1] c.i.b.d.b.a.a.AuthServiceFacade          : authenticated user: [ROLE_USER]
2025-12-29T22:13:26.725+07:00  INFO 5668 --- [blood-donation-service] [http-nio-1760-exec-1] c.i.b.d.b.a.a.AuthServiceFacade          : scope: ROLE_USER
2025-12-29T22:13:29.425+07:00  INFO 5668 --- [blood-donation-service] [http-nio-1760-exec-4] c.i.b.i.Config.Security.SecurityConfig   : JWT Subject (User ID): 968199999
2025-12-29T22:13:29.425+07:00  INFO 5668 --- [blood-donation-service] [http-nio-1760-exec-4] c.i.b.i.Config.Security.SecurityConfig   : JWT Scope: ROLE_USER
2025-12-29T22:13:29.450+07:00  INFO 5668 --- [blood-donation-service] [http-nio-1760-exec-4] c.i.b.s.h.m.MetadataHandlerAspect        : ========== METADATA HANDLER START ==========
2025-12-29T22:13:29.450+07:00  INFO 5668 --- [blood-donation-service] [http-nio-1760-exec-4] c.i.b.s.h.m.MetadataHandlerAspect        : User ID: 2
2025-12-29T22:13:29.450+07:00  INFO 5668 --- [blood-donation-service] [http-nio-1760-exec-4] c.i.b.s.h.m.MetadataHandlerAspect        : Phone Number: 968199999
2025-12-29T22:13:29.450+07:00  INFO 5668 --- [blood-donation-service] [http-nio-1760-exec-4] c.i.b.s.h.m.MetadataHandlerAspect        : Role/Scope: ROLE_USER
2025-12-29T22:13:29.451+07:00  INFO 5668 --- [blood-donation-service] [http-nio-1760-exec-4] c.i.b.s.h.m.MetadataHandlerAspect        : ========== METADATA HANDLER END ==========
2025-12-29T22:13:29.451+07:00  INFO 5668 --- [blood-donation-service] [http-nio-1760-exec-4] c.i.b.s.h.m.MetadataHandlerAspect        : ========== METADATA HANDLER START ==========
2025-12-29T22:13:29.451+07:00  INFO 5668 --- [blood-donation-service] [http-nio-1760-exec-4] c.i.b.s.h.m.MetadataHandlerAspect        : User ID: 2
2025-12-29T22:13:29.451+07:00  INFO 5668 --- [blood-donation-service] [http-nio-1760-exec-4] c.i.b.s.h.m.MetadataHandlerAspect        : Phone Number: 968199999
2025-12-29T22:13:29.453+07:00  INFO 5668 --- [blood-donation-service] [http-nio-1760-exec-4] c.i.b.s.h.m.MetadataHandlerAspect        : Role/Scope: ROLE_USER
2025-12-29T22:13:29.453+07:00  INFO 5668 --- [blood-donation-service] [http-nio-1760-exec-4] c.i.b.s.h.m.MetadataHandlerAspect        : ========== METADATA HANDLER END ==========
2025-12-29T22:13:32.223+07:00  INFO 5668 --- [blood-donation-service] [http-nio-1760-exec-3] c.i.b.i.Config.Security.SecurityConfig   : JWT Subject (User ID): 968199999
2025-12-29T22:13:32.223+07:00  INFO 5668 --- [blood-donation-service] [http-nio-1760-exec-3] c.i.b.i.Config.Security.SecurityConfig   : JWT Scope: ROLE_USER
2025-12-29T22:13:32.227+07:00  INFO 5668 --- [blood-donation-service] [http-nio-1760-exec-3] c.i.b.s.h.m.MetadataHandlerAspect        : ========== METADATA HANDLER START ==========
2025-12-29T22:13:32.229+07:00  INFO 5668 --- [blood-donation-service] [http-nio-1760-exec-3] c.i.b.s.h.m.MetadataHandlerAspect        : User ID: 2
2025-12-29T22:13:32.229+07:00  INFO 5668 --- [blood-donation-service] [http-nio-1760-exec-3] c.i.b.s.h.m.MetadataHandlerAspect        : Phone Number: 968199999
2025-12-29T22:13:32.229+07:00  INFO 5668 --- [blood-donation-service] [http-nio-1760-exec-3] c.i.b.s.h.m.MetadataHandlerAspect        : Role/Scope: ROLE_USER
2025-12-29T22:13:32.229+07:00  INFO 5668 --- [blood-donation-service] [http-nio-1760-exec-3] c.i.b.s.h.m.MetadataHandlerAspect        : ========== METADATA HANDLER END ==========
2025-12-29T22:13:32.233+07:00  INFO 5668 --- [blood-donation-service] [http-nio-1760-exec-3] c.i.b.s.h.m.MetadataHandlerAspect        : ========== METADATA HANDLER START ==========
2025-12-29T22:13:32.233+07:00  INFO 5668 --- [blood-donation-service] [http-nio-1760-exec-3] c.i.b.s.h.m.MetadataHandlerAspect        : User ID: 2
2025-12-29T22:13:32.234+07:00  INFO 5668 --- [blood-donation-service] [http-nio-1760-exec-3] c.i.b.s.h.m.MetadataHandlerAspect        : Phone Number: 968199999
2025-12-29T22:13:32.234+07:00  INFO 5668 --- [blood-donation-service] [http-nio-1760-exec-3] c.i.b.s.h.m.MetadataHandlerAspect        : Role/Scope: ROLE_USER
2025-12-29T22:13:32.234+07:00  INFO 5668 --- [blood-donation-service] [http-nio-1760-exec-3] c.i.b.s.h.m.MetadataHandlerAspect        : ========== METADATA HANDLER END ==========
2025-12-29T22:13:35.723+07:00  INFO 5668 --- [blood-donation-service] [http-nio-1760-exec-6] c.i.b.i.Config.Security.SecurityConfig   : JWT Subject (User ID): 968199999
2025-12-29T22:13:35.725+07:00  INFO 5668 --- [blood-donation-service] [http-nio-1760-exec-6] c.i.b.i.Config.Security.SecurityConfig   : JWT Scope: ROLE_USER
2025-12-29T22:13:35.728+07:00  INFO 5668 --- [blood-donation-service] [http-nio-1760-exec-6] c.i.b.s.h.m.MetadataHandlerAspect        : ========== METADATA HANDLER START ==========
2025-12-29T22:13:35.728+07:00  INFO 5668 --- [blood-donation-service] [http-nio-1760-exec-6] c.i.b.s.h.m.MetadataHandlerAspect        : User ID: 2
2025-12-29T22:13:35.728+07:00  INFO 5668 --- [blood-donation-service] [http-nio-1760-exec-6] c.i.b.s.h.m.MetadataHandlerAspect        : Phone Number: 968199999
2025-12-29T22:13:35.728+07:00  INFO 5668 --- [blood-donation-service] [http-nio-1760-exec-6] c.i.b.s.h.m.MetadataHandlerAspect        : Role/Scope: ROLE_USER
2025-12-29T22:13:35.728+07:00  INFO 5668 --- [blood-donation-service] [http-nio-1760-exec-6] c.i.b.s.h.m.MetadataHandlerAspect        : ========== METADATA HANDLER END ==========
2025-12-29T22:13:35.729+07:00  INFO 5668 --- [blood-donation-service] [http-nio-1760-exec-6] c.i.b.s.h.m.MetadataHandlerAspect        : ========== METADATA HANDLER START ==========
2025-12-29T22:13:35.729+07:00  INFO 5668 --- [blood-donation-service] [http-nio-1760-exec-6] c.i.b.s.h.m.MetadataHandlerAspect        : User ID: 2
2025-12-29T22:13:35.729+07:00  INFO 5668 --- [blood-donation-service] [http-nio-1760-exec-6] c.i.b.s.h.m.MetadataHandlerAspect        : Phone Number: 968199999
2025-12-29T22:13:35.729+07:00  INFO 5668 --- [blood-donation-service] [http-nio-1760-exec-6] c.i.b.s.h.m.MetadataHandlerAspect        : Role/Scope: ROLE_USER
2025-12-29T22:13:35.729+07:00  INFO 5668 --- [blood-donation-service] [http-nio-1760-exec-6] c.i.b.s.h.m.MetadataHandlerAspect        : ========== METADATA HANDLER END ==========
2025-12-29T22:15:14.728+07:00  INFO 5668 --- [blood-donation-service] [http-nio-1760-exec-8] c.i.b.i.Config.Security.SecurityConfig   : JWT Subject (User ID): 968199999
2025-12-29T22:15:14.728+07:00  INFO 5668 --- [blood-donation-service] [http-nio-1760-exec-8] c.i.b.i.Config.Security.SecurityConfig   : JWT Scope: ROLE_USER
2025-12-29T22:15:14.730+07:00  INFO 5668 --- [blood-donation-service] [http-nio-1760-exec-8] c.i.b.s.h.m.MetadataHandlerAspect        : ========== METADATA HANDLER START ==========
2025-12-29T22:15:14.730+07:00  INFO 5668 --- [blood-donation-service] [http-nio-1760-exec-8] c.i.b.s.h.m.MetadataHandlerAspect        : User ID: 2
2025-12-29T22:15:14.730+07:00  INFO 5668 --- [blood-donation-service] [http-nio-1760-exec-8] c.i.b.s.h.m.MetadataHandlerAspect        : Phone Number: 968199999
2025-12-29T22:15:14.731+07:00  INFO 5668 --- [blood-donation-service] [http-nio-1760-exec-8] c.i.b.s.h.m.MetadataHandlerAspect        : Role/Scope: ROLE_USER
2025-12-29T22:15:14.731+07:00  INFO 5668 --- [blood-donation-service] [http-nio-1760-exec-8] c.i.b.s.h.m.MetadataHandlerAspect        : ========== METADATA HANDLER END ==========
2025-12-29T22:15:14.731+07:00  INFO 5668 --- [blood-donation-service] [http-nio-1760-exec-8] c.i.b.s.h.m.MetadataHandlerAspect        : ========== METADATA HANDLER START ==========
2025-12-29T22:15:14.731+07:00  INFO 5668 --- [blood-donation-service] [http-nio-1760-exec-8] c.i.b.s.h.m.MetadataHandlerAspect        : User ID: 2
2025-12-29T22:15:14.731+07:00  INFO 5668 --- [blood-donation-service] [http-nio-1760-exec-8] c.i.b.s.h.m.MetadataHandlerAspect        : Phone Number: 968199999
2025-12-29T22:15:14.731+07:00  INFO 5668 --- [blood-donation-service] [http-nio-1760-exec-8] c.i.b.s.h.m.MetadataHandlerAspect        : Role/Scope: ROLE_USER
2025-12-29T22:15:14.731+07:00  INFO 5668 --- [blood-donation-service] [http-nio-1760-exec-8] c.i.b.s.h.m.MetadataHandlerAspect        : ========== METADATA HANDLER END ==========
2025-12-29T22:15:16.057+07:00  INFO 5668 --- [blood-donation-service] [http-nio-1760-exec-9] c.i.b.i.Config.Security.SecurityConfig   : JWT Subject (User ID): 968199999
2025-12-29T22:15:16.057+07:00  INFO 5668 --- [blood-donation-service] [http-nio-1760-exec-9] c.i.b.i.Config.Security.SecurityConfig   : JWT Scope: ROLE_USER
2025-12-29T22:15:16.061+07:00  INFO 5668 --- [blood-donation-service] [http-nio-1760-exec-9] c.i.b.s.h.m.MetadataHandlerAspect        : ========== METADATA HANDLER START ==========
2025-12-29T22:15:16.061+07:00  INFO 5668 --- [blood-donation-service] [http-nio-1760-exec-9] c.i.b.s.h.m.MetadataHandlerAspect        : User ID: 2
2025-12-29T22:15:16.061+07:00  INFO 5668 --- [blood-donation-service] [http-nio-1760-exec-9] c.i.b.s.h.m.MetadataHandlerAspect        : Phone Number: 968199999
2025-12-29T22:15:16.061+07:00  INFO 5668 --- [blood-donation-service] [http-nio-1760-exec-9] c.i.b.s.h.m.MetadataHandlerAspect        : Role/Scope: ROLE_USER
2025-12-29T22:15:16.061+07:00  INFO 5668 --- [blood-donation-service] [http-nio-1760-exec-9] c.i.b.s.h.m.MetadataHandlerAspect        : ========== METADATA HANDLER END ==========
2025-12-29T22:15:16.062+07:00  INFO 5668 --- [blood-donation-service] [http-nio-1760-exec-9] c.i.b.s.h.m.MetadataHandlerAspect        : ========== METADATA HANDLER START ==========
2025-12-29T22:15:16.062+07:00  INFO 5668 --- [blood-donation-service] [http-nio-1760-exec-9] c.i.b.s.h.m.MetadataHandlerAspect        : User ID: 2
2025-12-29T22:15:16.062+07:00  INFO 5668 --- [blood-donation-service] [http-nio-1760-exec-9] c.i.b.s.h.m.MetadataHandlerAspect        : Phone Number: 968199999
2025-12-29T22:15:16.062+07:00  INFO 5668 --- [blood-donation-service] [http-nio-1760-exec-9] c.i.b.s.h.m.MetadataHandlerAspect        : Role/Scope: ROLE_USER
2025-12-29T22:15:16.062+07:00  INFO 5668 --- [blood-donation-service] [http-nio-1760-exec-9] c.i.b.s.h.m.MetadataHandlerAspect        : ========== METADATA HANDLER END ==========
2025-12-29T22:16:55.664+07:00  INFO 5668 --- [blood-donation-service] [SpringApplicationShutdownHook] o.s.b.w.e.tomcat.GracefulShutdown        : Commencing graceful shutdown. Waiting for active requests to complete
2025-12-29T22:16:55.672+07:00  INFO 5668 --- [blood-donation-service] [tomcat-shutdown] o.s.b.w.e.tomcat.GracefulShutdown        : Graceful shutdown complete
2025-12-29T22:16:55.705+07:00  INFO 5668 --- [blood-donation-service] [SpringApplicationShutdownHook] j.LocalContainerEntityManagerFactoryBean : Closing JPA EntityManagerFactory for persistence unit 'default'
2025-12-29T22:16:55.709+07:00  INFO 5668 --- [blood-donation-service] [SpringApplicationShutdownHook] com.zaxxer.hikari.HikariDataSource       : blood-donation-pool - Shutdown initiated...
2025-12-29T22:16:55.723+07:00  INFO 5668 --- [blood-donation-service] [SpringApplicationShutdownHook] com.zaxxer.hikari.HikariDataSource       : blood-donation-pool - Shutdown completed.
2025-12-29T22:16:59.689+07:00  INFO 24272 --- [blood-donation-service] [main] c.i.b.BloodDonationServiceApplication    : Starting BloodDonationServiceApplication using Java 21.0.9 with PID 24272 (D:\document\Springboot\blood-donation-service\target\classes started by CC_computer in D:\document\Springboot\blood-donation-service)
2025-12-29T22:16:59.691+07:00  INFO 24272 --- [blood-donation-service] [main] c.i.b.BloodDonationServiceApplication    : No active profile set, falling back to 1 default profile: "default"
2025-12-29T22:17:00.704+07:00  INFO 24272 --- [blood-donation-service] [main] .s.d.r.c.RepositoryConfigurationDelegate : Bootstrapping Spring Data JPA repositories in DEFAULT mode.
2025-12-29T22:17:00.897+07:00  INFO 24272 --- [blood-donation-service] [main] .s.d.r.c.RepositoryConfigurationDelegate : Finished Spring Data repository scanning in 185 ms. Found 10 JPA repository interfaces.
2025-12-29T22:17:01.504+07:00  INFO 24272 --- [blood-donation-service] [main] o.s.b.w.embedded.tomcat.TomcatWebServer  : Tomcat initialized with port 1760 (http)
2025-12-29T22:17:01.518+07:00  INFO 24272 --- [blood-donation-service] [main] o.apache.catalina.core.StandardService   : Starting service [Tomcat]
2025-12-29T22:17:01.519+07:00  INFO 24272 --- [blood-donation-service] [main] o.apache.catalina.core.StandardEngine    : Starting Servlet engine: [Apache Tomcat/10.1.49]
2025-12-29T22:17:01.574+07:00  INFO 24272 --- [blood-donation-service] [main] o.a.c.c.C.[Tomcat].[localhost].[/]       : Initializing Spring embedded WebApplicationContext
2025-12-29T22:17:01.575+07:00  INFO 24272 --- [blood-donation-service] [main] w.s.c.ServletWebServerApplicationContext : Root WebApplicationContext: initialization completed in 1849 ms
2025-12-29T22:17:01.879+07:00  INFO 24272 --- [blood-donation-service] [main] com.zaxxer.hikari.HikariDataSource       : blood-donation-pool - Starting...
2025-12-29T22:17:02.180+07:00  INFO 24272 --- [blood-donation-service] [main] com.zaxxer.hikari.pool.HikariPool        : blood-donation-pool - Added connection com.mysql.cj.jdbc.ConnectionImpl@44a485bc
2025-12-29T22:17:02.182+07:00  INFO 24272 --- [blood-donation-service] [main] com.zaxxer.hikari.HikariDataSource       : blood-donation-pool - Start completed.
2025-12-29T22:17:02.225+07:00  INFO 24272 --- [blood-donation-service] [main] org.flywaydb.core.FlywayExecutor         : Database: jdbc:mysql://localhost:3306/blood_donation_service_db?useUnicode=true&characterEncoding=UTF-8&useLegacyDatetimeCode=false&serverTimezone=UTC (MySQL 8.0)
2025-12-29T22:17:02.284+07:00  INFO 24272 --- [blood-donation-service] [main] o.f.core.internal.command.DbValidate     : Successfully validated 1 migration (execution time 00:00.030s)
2025-12-29T22:17:02.311+07:00  INFO 24272 --- [blood-donation-service] [main] o.f.core.internal.command.DbMigrate      : Current version of schema `blood_donation_service_db`: 1
2025-12-29T22:17:02.316+07:00  INFO 24272 --- [blood-donation-service] [main] o.f.core.internal.command.DbMigrate      : Schema `blood_donation_service_db` is up to date. No migration necessary.
2025-12-29T22:17:02.427+07:00  INFO 24272 --- [blood-donation-service] [main] o.hibernate.jpa.internal.util.LogHelper  : HHH000204: Processing PersistenceUnitInfo [name: default]
2025-12-29T22:17:02.479+07:00  INFO 24272 --- [blood-donation-service] [main] org.hibernate.Version                    : HHH000412: Hibernate ORM core version 6.6.36.Final
2025-12-29T22:17:02.524+07:00  INFO 24272 --- [blood-donation-service] [main] o.h.c.internal.RegionFactoryInitiator    : HHH000026: Second-level cache disabled
2025-12-29T22:17:02.782+07:00  INFO 24272 --- [blood-donation-service] [main] o.s.o.j.p.SpringPersistenceUnitInfo      : No LoadTimeWeaver setup: ignoring JPA class transformer
2025-12-29T22:17:02.877+07:00  INFO 24272 --- [blood-donation-service] [main] org.hibernate.orm.connections.pooling    : HHH10001005: Database info:
	Database JDBC URL [Connecting through datasource 'HikariDataSource (blood-donation-pool)']
	Database driver: undefined/unknown
	Database version: 8.0.36
	Autocommit mode: undefined/unknown
	Isolation level: undefined/unknown
	Minimum pool size: undefined/unknown
	Maximum pool size: undefined/unknown
2025-12-29T22:17:03.938+07:00  INFO 24272 --- [blood-donation-service] [main] o.h.e.t.j.p.i.JtaPlatformInitiator       : HHH000489: No JTA platform available (set 'hibernate.transaction.jta.platform' to enable JTA platform integration)
2025-12-29T22:17:04.105+07:00  INFO 24272 --- [blood-donation-service] [main] j.LocalContainerEntityManagerFactoryBean : Initialized JPA EntityManagerFactory for persistence unit 'default'
2025-12-29T22:17:28.568+07:00  INFO 4736 --- [blood-donation-service] [main] c.i.b.BloodDonationServiceApplication    : Starting BloodDonationServiceApplication using Java 21.0.9 with PID 4736 (D:\document\Springboot\blood-donation-service\target\classes started by CC_computer in D:\document\Springboot\blood-donation-service)
2025-12-29T22:17:28.570+07:00  INFO 4736 --- [blood-donation-service] [main] c.i.b.BloodDonationServiceApplication    : No active profile set, falling back to 1 default profile: "default"
2025-12-29T22:17:29.685+07:00  INFO 4736 --- [blood-donation-service] [main] .s.d.r.c.RepositoryConfigurationDelegate : Bootstrapping Spring Data JPA repositories in DEFAULT mode.
2025-12-29T22:17:29.893+07:00  INFO 4736 --- [blood-donation-service] [main] .s.d.r.c.RepositoryConfigurationDelegate : Finished Spring Data repository scanning in 198 ms. Found 10 JPA repository interfaces.
2025-12-29T22:17:30.615+07:00  INFO 4736 --- [blood-donation-service] [main] o.s.b.w.embedded.tomcat.TomcatWebServer  : Tomcat initialized with port 1760 (http)
2025-12-29T22:17:30.628+07:00  INFO 4736 --- [blood-donation-service] [main] o.apache.catalina.core.StandardService   : Starting service [Tomcat]
2025-12-29T22:17:30.629+07:00  INFO 4736 --- [blood-donation-service] [main] o.apache.catalina.core.StandardEngine    : Starting Servlet engine: [Apache Tomcat/10.1.49]
2025-12-29T22:17:30.695+07:00  INFO 4736 --- [blood-donation-service] [main] o.a.c.c.C.[Tomcat].[localhost].[/]       : Initializing Spring embedded WebApplicationContext
2025-12-29T22:17:30.697+07:00  INFO 4736 --- [blood-donation-service] [main] w.s.c.ServletWebServerApplicationContext : Root WebApplicationContext: initialization completed in 2088 ms
2025-12-29T22:17:31.080+07:00  INFO 4736 --- [blood-donation-service] [main] com.zaxxer.hikari.HikariDataSource       : blood-donation-pool - Starting...
2025-12-29T22:17:31.424+07:00  INFO 4736 --- [blood-donation-service] [main] com.zaxxer.hikari.pool.HikariPool        : blood-donation-pool - Added connection com.mysql.cj.jdbc.ConnectionImpl@4a773f08
2025-12-29T22:17:31.427+07:00  INFO 4736 --- [blood-donation-service] [main] com.zaxxer.hikari.HikariDataSource       : blood-donation-pool - Start completed.
2025-12-29T22:17:31.462+07:00  INFO 4736 --- [blood-donation-service] [main] org.flywaydb.core.FlywayExecutor         : Database: jdbc:mysql://localhost:3306/blood_donation_service_db?useUnicode=true&characterEncoding=UTF-8&useLegacyDatetimeCode=false&serverTimezone=UTC (MySQL 8.0)
2025-12-29T22:17:31.527+07:00  INFO 4736 --- [blood-donation-service] [main] o.f.core.internal.command.DbValidate     : Successfully validated 1 migration (execution time 00:00.033s)
2025-12-29T22:17:31.556+07:00  INFO 4736 --- [blood-donation-service] [main] o.f.core.internal.command.DbMigrate      : Current version of schema `blood_donation_service_db`: 1
2025-12-29T22:17:31.561+07:00  INFO 4736 --- [blood-donation-service] [main] o.f.core.internal.command.DbMigrate      : Schema `blood_donation_service_db` is up to date. No migration necessary.
2025-12-29T22:17:31.672+07:00  INFO 4736 --- [blood-donation-service] [main] o.hibernate.jpa.internal.util.LogHelper  : HHH000204: Processing PersistenceUnitInfo [name: default]
2025-12-29T22:17:31.725+07:00  INFO 4736 --- [blood-donation-service] [main] org.hibernate.Version                    : HHH000412: Hibernate ORM core version 6.6.36.Final
2025-12-29T22:17:31.764+07:00  INFO 4736 --- [blood-donation-service] [main] o.h.c.internal.RegionFactoryInitiator    : HHH000026: Second-level cache disabled
2025-12-29T22:17:32.013+07:00  INFO 4736 --- [blood-donation-service] [main] o.s.o.j.p.SpringPersistenceUnitInfo      : No LoadTimeWeaver setup: ignoring JPA class transformer
2025-12-29T22:17:32.108+07:00  INFO 4736 --- [blood-donation-service] [main] org.hibernate.orm.connections.pooling    : HHH10001005: Database info:
	Database JDBC URL [Connecting through datasource 'HikariDataSource (blood-donation-pool)']
	Database driver: undefined/unknown
	Database version: 8.0.36
	Autocommit mode: undefined/unknown
	Isolation level: undefined/unknown
	Minimum pool size: undefined/unknown
	Maximum pool size: undefined/unknown
2025-12-29T22:17:33.201+07:00  INFO 4736 --- [blood-donation-service] [main] o.h.e.t.j.p.i.JtaPlatformInitiator       : HHH000489: No JTA platform available (set 'hibernate.transaction.jta.platform' to enable JTA platform integration)
2025-12-29T22:17:33.365+07:00  INFO 4736 --- [blood-donation-service] [main] j.LocalContainerEntityManagerFactoryBean : Initialized JPA EntityManagerFactory for persistence unit 'default'
2025-12-29T22:17:39.868+07:00  INFO 4736 --- [blood-donation-service] [main] o.s.d.j.r.query.QueryEnhancerFactory     : Hibernate is in classpath; If applicable, HQL parser will be used.
2025-12-29T22:17:41.008+07:00  INFO 4736 --- [blood-donation-service] [main] o.s.b.a.e.web.EndpointLinksResolver      : Exposing 1 endpoint beneath base path '/actuator'
2025-12-29T22:17:41.031+07:00  INFO 4736 --- [blood-donation-service] [main] eAuthenticationProviderManagerConfigurer : Found 2 AuthenticationProvider beans, with names [jwtAuthenticationProvider, daoAuthenticationProvider]. Global Authentication Manager will not be configured with AuthenticationProviders. Consider publishing a single AuthenticationProvider bean, or wiring your Providers directly using the DSL.
2025-12-29T22:17:41.032+07:00  INFO 4736 --- [blood-donation-service] [main] r$InitializeUserDetailsManagerConfigurer : Global AuthenticationManager configured with UserDetailsService bean with name userDetailsServiceImpl
2025-12-29T22:17:41.469+07:00  INFO 4736 --- [blood-donation-service] [main] o.s.b.w.embedded.tomcat.TomcatWebServer  : Tomcat started on port 1760 (http) with context path '/'
2025-12-29T22:17:41.478+07:00  INFO 4736 --- [blood-donation-service] [main] c.i.b.BloodDonationServiceApplication    : Started BloodDonationServiceApplication in 13.398 seconds (process running for 14.709)
2025-12-29T22:17:41.646+07:00  INFO 4736 --- [blood-donation-service] [RMI TCP Connection(5)-192.168.1.4] o.a.c.c.C.[Tomcat].[localhost].[/]       : Initializing Spring DispatcherServlet 'dispatcherServlet'
2025-12-29T22:17:41.647+07:00  INFO 4736 --- [blood-donation-service] [RMI TCP Connection(5)-192.168.1.4] o.s.web.servlet.DispatcherServlet        : Initializing Servlet 'dispatcherServlet'
2025-12-29T22:17:41.650+07:00  INFO 4736 --- [blood-donation-service] [RMI TCP Connection(5)-192.168.1.4] o.s.web.servlet.DispatcherServlet        : Completed initialization in 2 ms
2025-12-29T22:17:45.921+07:00  INFO 4736 --- [blood-donation-service] [http-nio-1760-exec-1] c.i.b.d.b.a.a.AuthServiceFacade          : authenticated user: [ROLE_USER]
2025-12-29T22:17:45.922+07:00  INFO 4736 --- [blood-donation-service] [http-nio-1760-exec-1] c.i.b.d.b.a.a.AuthServiceFacade          : scope: ROLE_USER
2025-12-29T22:17:47.975+07:00  INFO 4736 --- [blood-donation-service] [http-nio-1760-exec-3] c.i.b.i.Config.Security.SecurityConfig   : JWT Subject (User ID): 968199999
2025-12-29T22:17:47.976+07:00  INFO 4736 --- [blood-donation-service] [http-nio-1760-exec-3] c.i.b.i.Config.Security.SecurityConfig   : JWT Scope: ROLE_USER
2025-12-29T22:17:48.021+07:00  INFO 4736 --- [blood-donation-service] [http-nio-1760-exec-3] c.i.b.s.h.m.MetadataHandlerAspect        : ========== METADATA HANDLER START ==========
2025-12-29T22:17:48.021+07:00  INFO 4736 --- [blood-donation-service] [http-nio-1760-exec-3] c.i.b.s.h.m.MetadataHandlerAspect        : User ID: 2
2025-12-29T22:17:48.021+07:00  INFO 4736 --- [blood-donation-service] [http-nio-1760-exec-3] c.i.b.s.h.m.MetadataHandlerAspect        : Phone Number: 968199999
2025-12-29T22:17:48.022+07:00  INFO 4736 --- [blood-donation-service] [http-nio-1760-exec-3] c.i.b.s.h.m.MetadataHandlerAspect        : Role/Scope: ROLE_USER
2025-12-29T22:17:48.022+07:00  INFO 4736 --- [blood-donation-service] [http-nio-1760-exec-3] c.i.b.s.h.m.MetadataHandlerAspect        : ========== METADATA HANDLER END ==========
2025-12-29T22:17:48.027+07:00  INFO 4736 --- [blood-donation-service] [http-nio-1760-exec-3] c.i.b.s.h.m.MetadataHandlerAspect        : ========== METADATA HANDLER START ==========
2025-12-29T22:17:48.027+07:00  INFO 4736 --- [blood-donation-service] [http-nio-1760-exec-3] c.i.b.s.h.m.MetadataHandlerAspect        : User ID: 2
2025-12-29T22:17:48.028+07:00  INFO 4736 --- [blood-donation-service] [http-nio-1760-exec-3] c.i.b.s.h.m.MetadataHandlerAspect        : Phone Number: 968199999
2025-12-29T22:17:48.028+07:00  INFO 4736 --- [blood-donation-service] [http-nio-1760-exec-3] c.i.b.s.h.m.MetadataHandlerAspect        : Role/Scope: ROLE_USER
2025-12-29T22:17:48.028+07:00  INFO 4736 --- [blood-donation-service] [http-nio-1760-exec-3] c.i.b.s.h.m.MetadataHandlerAspect        : ========== METADATA HANDLER END ==========
2025-12-29T22:17:50.952+07:00  INFO 4736 --- [blood-donation-service] [http-nio-1760-exec-4] c.i.b.i.Config.Security.SecurityConfig   : JWT Subject (User ID): 968199999
2025-12-29T22:17:50.953+07:00  INFO 4736 --- [blood-donation-service] [http-nio-1760-exec-4] c.i.b.i.Config.Security.SecurityConfig   : JWT Scope: ROLE_USER
2025-12-29T22:17:50.960+07:00  INFO 4736 --- [blood-donation-service] [http-nio-1760-exec-4] c.i.b.s.h.m.MetadataHandlerAspect        : ========== METADATA HANDLER START ==========
2025-12-29T22:17:50.961+07:00  INFO 4736 --- [blood-donation-service] [http-nio-1760-exec-4] c.i.b.s.h.m.MetadataHandlerAspect        : User ID: 2
2025-12-29T22:17:50.961+07:00  INFO 4736 --- [blood-donation-service] [http-nio-1760-exec-4] c.i.b.s.h.m.MetadataHandlerAspect        : Phone Number: 968199999
2025-12-29T22:17:50.961+07:00  INFO 4736 --- [blood-donation-service] [http-nio-1760-exec-4] c.i.b.s.h.m.MetadataHandlerAspect        : Role/Scope: ROLE_USER
2025-12-29T22:17:50.961+07:00  INFO 4736 --- [blood-donation-service] [http-nio-1760-exec-4] c.i.b.s.h.m.MetadataHandlerAspect        : ========== METADATA HANDLER END ==========
2025-12-29T22:17:50.961+07:00  INFO 4736 --- [blood-donation-service] [http-nio-1760-exec-4] c.i.b.s.h.m.MetadataHandlerAspect        : ========== METADATA HANDLER START ==========
2025-12-29T22:17:50.962+07:00  INFO 4736 --- [blood-donation-service] [http-nio-1760-exec-4] c.i.b.s.h.m.MetadataHandlerAspect        : User ID: 2
2025-12-29T22:17:50.962+07:00  INFO 4736 --- [blood-donation-service] [http-nio-1760-exec-4] c.i.b.s.h.m.MetadataHandlerAspect        : Phone Number: 968199999
2025-12-29T22:17:50.962+07:00  INFO 4736 --- [blood-donation-service] [http-nio-1760-exec-4] c.i.b.s.h.m.MetadataHandlerAspect        : Role/Scope: ROLE_USER
2025-12-29T22:17:50.962+07:00  INFO 4736 --- [blood-donation-service] [http-nio-1760-exec-4] c.i.b.s.h.m.MetadataHandlerAspect        : ========== METADATA HANDLER END ==========
2025-12-29T22:20:19.763+07:00  INFO 4736 --- [blood-donation-service] [http-nio-1760-exec-7] c.i.b.d.b.a.a.AuthServiceFacade          : authenticated user: [ROLE_USER]
2025-12-29T22:20:19.765+07:00  INFO 4736 --- [blood-donation-service] [http-nio-1760-exec-7] c.i.b.d.b.a.a.AuthServiceFacade          : scope: ROLE_USER
2025-12-29T22:20:27.716+07:00  INFO 4736 --- [blood-donation-service] [http-nio-1760-exec-8] c.i.b.i.Config.Security.SecurityConfig   : JWT Subject (User ID): 968199999
2025-12-29T22:20:27.716+07:00  INFO 4736 --- [blood-donation-service] [http-nio-1760-exec-8] c.i.b.i.Config.Security.SecurityConfig   : JWT Scope: ROLE_USER
2025-12-29T22:20:27.718+07:00  INFO 4736 --- [blood-donation-service] [http-nio-1760-exec-8] c.i.b.s.h.m.MetadataHandlerAspect        : ========== METADATA HANDLER START ==========
2025-12-29T22:20:27.718+07:00  INFO 4736 --- [blood-donation-service] [http-nio-1760-exec-8] c.i.b.s.h.m.MetadataHandlerAspect        : User ID: 2
2025-12-29T22:20:27.720+07:00  INFO 4736 --- [blood-donation-service] [http-nio-1760-exec-8] c.i.b.s.h.m.MetadataHandlerAspect        : Phone Number: 968199999
2025-12-29T22:20:27.720+07:00  INFO 4736 --- [blood-donation-service] [http-nio-1760-exec-8] c.i.b.s.h.m.MetadataHandlerAspect        : Role/Scope: ROLE_USER
2025-12-29T22:20:27.720+07:00  INFO 4736 --- [blood-donation-service] [http-nio-1760-exec-8] c.i.b.s.h.m.MetadataHandlerAspect        : ========== METADATA HANDLER END ==========
2025-12-29T22:20:27.720+07:00  INFO 4736 --- [blood-donation-service] [http-nio-1760-exec-8] c.i.b.s.h.m.MetadataHandlerAspect        : ========== METADATA HANDLER START ==========
2025-12-29T22:20:27.720+07:00  INFO 4736 --- [blood-donation-service] [http-nio-1760-exec-8] c.i.b.s.h.m.MetadataHandlerAspect        : User ID: 2
2025-12-29T22:20:27.721+07:00  INFO 4736 --- [blood-donation-service] [http-nio-1760-exec-8] c.i.b.s.h.m.MetadataHandlerAspect        : Phone Number: 968199999
2025-12-29T22:20:27.721+07:00  INFO 4736 --- [blood-donation-service] [http-nio-1760-exec-8] c.i.b.s.h.m.MetadataHandlerAspect        : Role/Scope: ROLE_USER
2025-12-29T22:20:27.721+07:00  INFO 4736 --- [blood-donation-service] [http-nio-1760-exec-8] c.i.b.s.h.m.MetadataHandlerAspect        : ========== METADATA HANDLER END ==========
2025-12-29T22:20:29.253+07:00  INFO 4736 --- [blood-donation-service] [http-nio-1760-exec-5] c.i.b.i.Config.Security.SecurityConfig   : JWT Subject (User ID): 968199999
2025-12-29T22:20:29.253+07:00  INFO 4736 --- [blood-donation-service] [http-nio-1760-exec-5] c.i.b.i.Config.Security.SecurityConfig   : JWT Scope: ROLE_USER
2025-12-29T22:20:29.255+07:00  INFO 4736 --- [blood-donation-service] [http-nio-1760-exec-5] c.i.b.s.h.m.MetadataHandlerAspect        : ========== METADATA HANDLER START ==========
2025-12-29T22:20:29.255+07:00  INFO 4736 --- [blood-donation-service] [http-nio-1760-exec-5] c.i.b.s.h.m.MetadataHandlerAspect        : User ID: 2
2025-12-29T22:20:29.255+07:00  INFO 4736 --- [blood-donation-service] [http-nio-1760-exec-5] c.i.b.s.h.m.MetadataHandlerAspect        : Phone Number: 968199999
2025-12-29T22:20:29.255+07:00  INFO 4736 --- [blood-donation-service] [http-nio-1760-exec-5] c.i.b.s.h.m.MetadataHandlerAspect        : Role/Scope: ROLE_USER
2025-12-29T22:20:29.255+07:00  INFO 4736 --- [blood-donation-service] [http-nio-1760-exec-5] c.i.b.s.h.m.MetadataHandlerAspect        : ========== METADATA HANDLER END ==========
2025-12-29T22:20:29.255+07:00  INFO 4736 --- [blood-donation-service] [http-nio-1760-exec-5] c.i.b.s.h.m.MetadataHandlerAspect        : ========== METADATA HANDLER START ==========
2025-12-29T22:20:29.257+07:00  INFO 4736 --- [blood-donation-service] [http-nio-1760-exec-5] c.i.b.s.h.m.MetadataHandlerAspect        : User ID: 2
2025-12-29T22:20:29.257+07:00  INFO 4736 --- [blood-donation-service] [http-nio-1760-exec-5] c.i.b.s.h.m.MetadataHandlerAspect        : Phone Number: 968199999
2025-12-29T22:20:29.257+07:00  INFO 4736 --- [blood-donation-service] [http-nio-1760-exec-5] c.i.b.s.h.m.MetadataHandlerAspect        : Role/Scope: ROLE_USER
2025-12-29T22:20:29.257+07:00  INFO 4736 --- [blood-donation-service] [http-nio-1760-exec-5] c.i.b.s.h.m.MetadataHandlerAspect        : ========== METADATA HANDLER END ==========
2025-12-29T22:20:32.400+07:00  INFO 4736 --- [blood-donation-service] [http-nio-1760-exec-10] c.i.b.i.Config.Security.SecurityConfig   : JWT Subject (User ID): 968199999
2025-12-29T22:20:32.400+07:00  INFO 4736 --- [blood-donation-service] [http-nio-1760-exec-10] c.i.b.i.Config.Security.SecurityConfig   : JWT Scope: ROLE_USER
2025-12-29T22:20:32.403+07:00  INFO 4736 --- [blood-donation-service] [http-nio-1760-exec-10] c.i.b.s.h.m.MetadataHandlerAspect        : ========== METADATA HANDLER START ==========
2025-12-29T22:20:32.404+07:00  INFO 4736 --- [blood-donation-service] [http-nio-1760-exec-10] c.i.b.s.h.m.MetadataHandlerAspect        : User ID: 2
2025-12-29T22:20:32.404+07:00  INFO 4736 --- [blood-donation-service] [http-nio-1760-exec-10] c.i.b.s.h.m.MetadataHandlerAspect        : Phone Number: 968199999
2025-12-29T22:20:32.404+07:00  INFO 4736 --- [blood-donation-service] [http-nio-1760-exec-10] c.i.b.s.h.m.MetadataHandlerAspect        : Role/Scope: ROLE_USER
2025-12-29T22:20:32.404+07:00  INFO 4736 --- [blood-donation-service] [http-nio-1760-exec-10] c.i.b.s.h.m.MetadataHandlerAspect        : ========== METADATA HANDLER END ==========
2025-12-29T22:20:32.408+07:00  INFO 4736 --- [blood-donation-service] [http-nio-1760-exec-10] c.i.b.s.h.m.MetadataHandlerAspect        : ========== METADATA HANDLER START ==========
2025-12-29T22:20:32.408+07:00  INFO 4736 --- [blood-donation-service] [http-nio-1760-exec-10] c.i.b.s.h.m.MetadataHandlerAspect        : User ID: 2
2025-12-29T22:20:32.409+07:00  INFO 4736 --- [blood-donation-service] [http-nio-1760-exec-10] c.i.b.s.h.m.MetadataHandlerAspect        : Phone Number: 968199999
2025-12-29T22:20:32.409+07:00  INFO 4736 --- [blood-donation-service] [http-nio-1760-exec-10] c.i.b.s.h.m.MetadataHandlerAspect        : Role/Scope: ROLE_USER
2025-12-29T22:20:32.409+07:00  INFO 4736 --- [blood-donation-service] [http-nio-1760-exec-10] c.i.b.s.h.m.MetadataHandlerAspect        : ========== METADATA HANDLER END ==========
2025-12-29T22:20:36.323+07:00  INFO 4736 --- [blood-donation-service] [http-nio-1760-exec-2] c.i.b.i.Config.Security.SecurityConfig   : JWT Subject (User ID): 968199999
2025-12-29T22:20:36.324+07:00  INFO 4736 --- [blood-donation-service] [http-nio-1760-exec-2] c.i.b.i.Config.Security.SecurityConfig   : JWT Scope: ROLE_USER
2025-12-29T22:20:36.326+07:00  INFO 4736 --- [blood-donation-service] [http-nio-1760-exec-2] c.i.b.s.h.m.MetadataHandlerAspect        : ========== METADATA HANDLER START ==========
2025-12-29T22:20:36.327+07:00  INFO 4736 --- [blood-donation-service] [http-nio-1760-exec-2] c.i.b.s.h.m.MetadataHandlerAspect        : User ID: 2
2025-12-29T22:20:36.327+07:00  INFO 4736 --- [blood-donation-service] [http-nio-1760-exec-2] c.i.b.s.h.m.MetadataHandlerAspect        : Phone Number: 968199999
2025-12-29T22:20:36.327+07:00  INFO 4736 --- [blood-donation-service] [http-nio-1760-exec-2] c.i.b.s.h.m.MetadataHandlerAspect        : Role/Scope: ROLE_USER
2025-12-29T22:20:36.327+07:00  INFO 4736 --- [blood-donation-service] [http-nio-1760-exec-2] c.i.b.s.h.m.MetadataHandlerAspect        : ========== METADATA HANDLER END ==========
2025-12-29T22:20:36.327+07:00  INFO 4736 --- [blood-donation-service] [http-nio-1760-exec-2] c.i.b.s.h.m.MetadataHandlerAspect        : ========== METADATA HANDLER START ==========
2025-12-29T22:20:36.327+07:00  INFO 4736 --- [blood-donation-service] [http-nio-1760-exec-2] c.i.b.s.h.m.MetadataHandlerAspect        : User ID: 2
2025-12-29T22:20:36.328+07:00  INFO 4736 --- [blood-donation-service] [http-nio-1760-exec-2] c.i.b.s.h.m.MetadataHandlerAspect        : Phone Number: 968199999
2025-12-29T22:20:36.328+07:00  INFO 4736 --- [blood-donation-service] [http-nio-1760-exec-2] c.i.b.s.h.m.MetadataHandlerAspect        : Role/Scope: ROLE_USER
2025-12-29T22:20:36.328+07:00  INFO 4736 --- [blood-donation-service] [http-nio-1760-exec-2] c.i.b.s.h.m.MetadataHandlerAspect        : ========== METADATA HANDLER END ==========
2025-12-29T22:24:29.760+07:00  INFO 4736 --- [blood-donation-service] [SpringApplicationShutdownHook] o.s.b.w.e.tomcat.GracefulShutdown        : Commencing graceful shutdown. Waiting for active requests to complete
2025-12-29T22:24:29.768+07:00  INFO 4736 --- [blood-donation-service] [tomcat-shutdown] o.s.b.w.e.tomcat.GracefulShutdown        : Graceful shutdown complete
2025-12-29T22:24:29.790+07:00  INFO 4736 --- [blood-donation-service] [SpringApplicationShutdownHook] j.LocalContainerEntityManagerFactoryBean : Closing JPA EntityManagerFactory for persistence unit 'default'
2025-12-29T22:24:29.793+07:00  INFO 4736 --- [blood-donation-service] [SpringApplicationShutdownHook] com.zaxxer.hikari.HikariDataSource       : blood-donation-pool - Shutdown initiated...
2025-12-29T22:24:29.805+07:00  INFO 4736 --- [blood-donation-service] [SpringApplicationShutdownHook] com.zaxxer.hikari.HikariDataSource       : blood-donation-pool - Shutdown completed.
2025-12-29T22:24:41.426+07:00  INFO 22112 --- [blood-donation-service] [main] c.i.b.BloodDonationServiceApplication    : Starting BloodDonationServiceApplication using Java 21.0.9 with PID 22112 (D:\document\Springboot\blood-donation-service\target\classes started by CC_computer in D:\document\Springboot\blood-donation-service)
2025-12-29T22:24:41.428+07:00  INFO 22112 --- [blood-donation-service] [main] c.i.b.BloodDonationServiceApplication    : No active profile set, falling back to 1 default profile: "default"
2025-12-29T22:24:42.418+07:00  INFO 22112 --- [blood-donation-service] [main] .s.d.r.c.RepositoryConfigurationDelegate : Bootstrapping Spring Data JPA repositories in DEFAULT mode.
2025-12-29T22:24:42.598+07:00  INFO 22112 --- [blood-donation-service] [main] .s.d.r.c.RepositoryConfigurationDelegate : Finished Spring Data repository scanning in 172 ms. Found 10 JPA repository interfaces.
2025-12-29T22:24:43.168+07:00  INFO 22112 --- [blood-donation-service] [main] o.s.b.w.embedded.tomcat.TomcatWebServer  : Tomcat initialized with port 1760 (http)
2025-12-29T22:24:43.179+07:00  INFO 22112 --- [blood-donation-service] [main] o.apache.catalina.core.StandardService   : Starting service [Tomcat]
2025-12-29T22:24:43.179+07:00  INFO 22112 --- [blood-donation-service] [main] o.apache.catalina.core.StandardEngine    : Starting Servlet engine: [Apache Tomcat/10.1.49]
2025-12-29T22:24:43.237+07:00  INFO 22112 --- [blood-donation-service] [main] o.a.c.c.C.[Tomcat].[localhost].[/]       : Initializing Spring embedded WebApplicationContext
2025-12-29T22:24:43.237+07:00  INFO 22112 --- [blood-donation-service] [main] w.s.c.ServletWebServerApplicationContext : Root WebApplicationContext: initialization completed in 1778 ms
2025-12-29T22:24:43.572+07:00  INFO 22112 --- [blood-donation-service] [main] com.zaxxer.hikari.HikariDataSource       : blood-donation-pool - Starting...
2025-12-29T22:24:43.872+07:00  INFO 22112 --- [blood-donation-service] [main] com.zaxxer.hikari.pool.HikariPool        : blood-donation-pool - Added connection com.mysql.cj.jdbc.ConnectionImpl@46590dd0
2025-12-29T22:24:43.874+07:00  INFO 22112 --- [blood-donation-service] [main] com.zaxxer.hikari.HikariDataSource       : blood-donation-pool - Start completed.
2025-12-29T22:24:43.908+07:00  INFO 22112 --- [blood-donation-service] [main] org.flywaydb.core.FlywayExecutor         : Database: jdbc:mysql://localhost:3306/blood_donation_service_db?useUnicode=true&characterEncoding=UTF-8&useLegacyDatetimeCode=false&serverTimezone=UTC (MySQL 8.0)
2025-12-29T22:24:43.969+07:00  INFO 22112 --- [blood-donation-service] [main] o.f.core.internal.command.DbValidate     : Successfully validated 1 migration (execution time 00:00.033s)
2025-12-29T22:24:43.997+07:00  INFO 22112 --- [blood-donation-service] [main] o.f.core.internal.command.DbMigrate      : Current version of schema `blood_donation_service_db`: 1
2025-12-29T22:24:44.000+07:00  INFO 22112 --- [blood-donation-service] [main] o.f.core.internal.command.DbMigrate      : Schema `blood_donation_service_db` is up to date. No migration necessary.
2025-12-29T22:24:44.126+07:00  INFO 22112 --- [blood-donation-service] [main] o.hibernate.jpa.internal.util.LogHelper  : HHH000204: Processing PersistenceUnitInfo [name: default]
2025-12-29T22:24:44.185+07:00  INFO 22112 --- [blood-donation-service] [main] org.hibernate.Version                    : HHH000412: Hibernate ORM core version 6.6.36.Final
2025-12-29T22:24:44.223+07:00  INFO 22112 --- [blood-donation-service] [main] o.h.c.internal.RegionFactoryInitiator    : HHH000026: Second-level cache disabled
2025-12-29T22:24:44.492+07:00  INFO 22112 --- [blood-donation-service] [main] o.s.o.j.p.SpringPersistenceUnitInfo      : No LoadTimeWeaver setup: ignoring JPA class transformer
2025-12-29T22:24:44.566+07:00  INFO 22112 --- [blood-donation-service] [main] org.hibernate.orm.connections.pooling    : HHH10001005: Database info:
	Database JDBC URL [Connecting through datasource 'HikariDataSource (blood-donation-pool)']
	Database driver: undefined/unknown
	Database version: 8.0.36
	Autocommit mode: undefined/unknown
	Isolation level: undefined/unknown
	Minimum pool size: undefined/unknown
	Maximum pool size: undefined/unknown
2025-12-29T22:24:45.707+07:00  INFO 22112 --- [blood-donation-service] [main] o.h.e.t.j.p.i.JtaPlatformInitiator       : HHH000489: No JTA platform available (set 'hibernate.transaction.jta.platform' to enable JTA platform integration)
2025-12-29T22:24:45.890+07:00  INFO 22112 --- [blood-donation-service] [main] j.LocalContainerEntityManagerFactoryBean : Initialized JPA EntityManagerFactory for persistence unit 'default'
2025-12-29T22:24:54.190+07:00  INFO 22112 --- [blood-donation-service] [main] o.s.d.j.r.query.QueryEnhancerFactory     : Hibernate is in classpath; If applicable, HQL parser will be used.
2025-12-29T22:24:55.304+07:00  INFO 22112 --- [blood-donation-service] [main] o.s.b.a.e.web.EndpointLinksResolver      : Exposing 1 endpoint beneath base path '/actuator'
2025-12-29T22:24:55.329+07:00  INFO 22112 --- [blood-donation-service] [main] eAuthenticationProviderManagerConfigurer : Found 2 AuthenticationProvider beans, with names [jwtAuthenticationProvider, daoAuthenticationProvider]. Global Authentication Manager will not be configured with AuthenticationProviders. Consider publishing a single AuthenticationProvider bean, or wiring your Providers directly using the DSL.
2025-12-29T22:24:55.330+07:00  INFO 22112 --- [blood-donation-service] [main] r$InitializeUserDetailsManagerConfigurer : Global AuthenticationManager configured with UserDetailsService bean with name userDetailsServiceImpl
2025-12-29T22:24:55.820+07:00  INFO 22112 --- [blood-donation-service] [main] o.s.b.w.embedded.tomcat.TomcatWebServer  : Tomcat started on port 1760 (http) with context path '/'
2025-12-29T22:24:55.832+07:00  INFO 22112 --- [blood-donation-service] [main] c.i.b.BloodDonationServiceApplication    : Started BloodDonationServiceApplication in 14.846 seconds (process running for 15.988)
2025-12-29T22:24:56.325+07:00  INFO 22112 --- [blood-donation-service] [RMI TCP Connection(4)-192.168.1.4] o.a.c.c.C.[Tomcat].[localhost].[/]       : Initializing Spring DispatcherServlet 'dispatcherServlet'
2025-12-29T22:24:56.325+07:00  INFO 22112 --- [blood-donation-service] [RMI TCP Connection(4)-192.168.1.4] o.s.web.servlet.DispatcherServlet        : Initializing Servlet 'dispatcherServlet'
2025-12-29T22:24:56.329+07:00  INFO 22112 --- [blood-donation-service] [RMI TCP Connection(4)-192.168.1.4] o.s.web.servlet.DispatcherServlet        : Completed initialization in 4 ms
2025-12-29T22:24:57.903+07:00  INFO 22112 --- [blood-donation-service] [http-nio-1760-exec-2] c.i.b.d.b.a.a.AuthServiceFacade          : authenticated user: [ROLE_USER]
2025-12-29T22:24:57.904+07:00  INFO 22112 --- [blood-donation-service] [http-nio-1760-exec-2] c.i.b.d.b.a.a.AuthServiceFacade          : scope: ROLE_USER
2025-12-29T22:25:00.438+07:00  INFO 22112 --- [blood-donation-service] [http-nio-1760-exec-4] c.i.b.i.Config.Security.SecurityConfig   : JWT Subject (User ID): 968199999
2025-12-29T22:25:00.439+07:00  INFO 22112 --- [blood-donation-service] [http-nio-1760-exec-4] c.i.b.i.Config.Security.SecurityConfig   : JWT Scope: ROLE_USER
2025-12-29T22:25:00.469+07:00  INFO 22112 --- [blood-donation-service] [http-nio-1760-exec-4] c.i.b.s.h.m.MetadataHandlerAspect        : ========== METADATA HANDLER START ==========
2025-12-29T22:25:00.470+07:00  INFO 22112 --- [blood-donation-service] [http-nio-1760-exec-4] c.i.b.s.h.m.MetadataHandlerAspect        : User ID: 2
2025-12-29T22:25:00.470+07:00  INFO 22112 --- [blood-donation-service] [http-nio-1760-exec-4] c.i.b.s.h.m.MetadataHandlerAspect        : Phone Number: 968199999
2025-12-29T22:25:00.470+07:00  INFO 22112 --- [blood-donation-service] [http-nio-1760-exec-4] c.i.b.s.h.m.MetadataHandlerAspect        : Role/Scope: ROLE_USER
2025-12-29T22:25:00.470+07:00  INFO 22112 --- [blood-donation-service] [http-nio-1760-exec-4] c.i.b.s.h.m.MetadataHandlerAspect        : ========== METADATA HANDLER END ==========
2025-12-29T22:25:00.471+07:00  INFO 22112 --- [blood-donation-service] [http-nio-1760-exec-4] c.i.b.s.h.m.MetadataHandlerAspect        : ========== METADATA HANDLER START ==========
2025-12-29T22:25:00.471+07:00  INFO 22112 --- [blood-donation-service] [http-nio-1760-exec-4] c.i.b.s.h.m.MetadataHandlerAspect        : User ID: 2
2025-12-29T22:25:00.471+07:00  INFO 22112 --- [blood-donation-service] [http-nio-1760-exec-4] c.i.b.s.h.m.MetadataHandlerAspect        : Phone Number: 968199999
2025-12-29T22:25:00.471+07:00  INFO 22112 --- [blood-donation-service] [http-nio-1760-exec-4] c.i.b.s.h.m.MetadataHandlerAspect        : Role/Scope: ROLE_USER
2025-12-29T22:25:00.471+07:00  INFO 22112 --- [blood-donation-service] [http-nio-1760-exec-4] c.i.b.s.h.m.MetadataHandlerAspect        : ========== METADATA HANDLER END ==========
2025-12-29T22:25:18.622+07:00  INFO 22112 --- [blood-donation-service] [http-nio-1760-exec-3] c.i.b.i.Config.Security.SecurityConfig   : JWT Subject (User ID): 968199999
2025-12-29T22:25:18.622+07:00  INFO 22112 --- [blood-donation-service] [http-nio-1760-exec-3] c.i.b.i.Config.Security.SecurityConfig   : JWT Scope: ROLE_USER
2025-12-29T22:25:36.922+07:00  INFO 22112 --- [blood-donation-service] [http-nio-1760-exec-5] c.i.b.i.Config.Security.SecurityConfig   : JWT Subject (User ID): 968199999
2025-12-29T22:25:36.923+07:00  INFO 22112 --- [blood-donation-service] [http-nio-1760-exec-5] c.i.b.i.Config.Security.SecurityConfig   : JWT Scope: ROLE_USER
2025-12-29T22:25:36.927+07:00  INFO 22112 --- [blood-donation-service] [http-nio-1760-exec-5] c.i.b.s.h.m.MetadataHandlerAspect        : ========== METADATA HANDLER START ==========
2025-12-29T22:25:36.927+07:00  INFO 22112 --- [blood-donation-service] [http-nio-1760-exec-5] c.i.b.s.h.m.MetadataHandlerAspect        : User ID: 2
2025-12-29T22:25:36.927+07:00  INFO 22112 --- [blood-donation-service] [http-nio-1760-exec-5] c.i.b.s.h.m.MetadataHandlerAspect        : Phone Number: 968199999
2025-12-29T22:25:36.927+07:00  INFO 22112 --- [blood-donation-service] [http-nio-1760-exec-5] c.i.b.s.h.m.MetadataHandlerAspect        : Role/Scope: ROLE_USER
2025-12-29T22:25:36.928+07:00  INFO 22112 --- [blood-donation-service] [http-nio-1760-exec-5] c.i.b.s.h.m.MetadataHandlerAspect        : ========== METADATA HANDLER END ==========
2025-12-29T22:25:36.932+07:00  INFO 22112 --- [blood-donation-service] [http-nio-1760-exec-5] c.i.b.s.h.m.MetadataHandlerAspect        : ========== METADATA HANDLER START ==========
2025-12-29T22:25:36.932+07:00  INFO 22112 --- [blood-donation-service] [http-nio-1760-exec-5] c.i.b.s.h.m.MetadataHandlerAspect        : User ID: 2
2025-12-29T22:25:36.932+07:00  INFO 22112 --- [blood-donation-service] [http-nio-1760-exec-5] c.i.b.s.h.m.MetadataHandlerAspect        : Phone Number: 968199999
2025-12-29T22:25:36.932+07:00  INFO 22112 --- [blood-donation-service] [http-nio-1760-exec-5] c.i.b.s.h.m.MetadataHandlerAspect        : Role/Scope: ROLE_USER
2025-12-29T22:25:36.932+07:00  INFO 22112 --- [blood-donation-service] [http-nio-1760-exec-5] c.i.b.s.h.m.MetadataHandlerAspect        : ========== METADATA HANDLER END ==========
2025-12-29T22:26:10.292+07:00  INFO 22112 --- [blood-donation-service] [http-nio-1760-exec-6] c.i.b.i.Config.Security.SecurityConfig   : JWT Subject (User ID): 968199999
2025-12-29T22:26:10.293+07:00  INFO 22112 --- [blood-donation-service] [http-nio-1760-exec-6] c.i.b.i.Config.Security.SecurityConfig   : JWT Scope: ROLE_USER
2025-12-29T22:26:10.300+07:00  INFO 22112 --- [blood-donation-service] [http-nio-1760-exec-6] c.i.b.s.h.m.MetadataHandlerAspect        : ========== METADATA HANDLER START ==========
2025-12-29T22:26:10.300+07:00  INFO 22112 --- [blood-donation-service] [http-nio-1760-exec-6] c.i.b.s.h.m.MetadataHandlerAspect        : User ID: 2
2025-12-29T22:26:10.300+07:00  INFO 22112 --- [blood-donation-service] [http-nio-1760-exec-6] c.i.b.s.h.m.MetadataHandlerAspect        : Phone Number: 968199999
2025-12-29T22:26:10.300+07:00  INFO 22112 --- [blood-donation-service] [http-nio-1760-exec-6] c.i.b.s.h.m.MetadataHandlerAspect        : Role/Scope: ROLE_USER
2025-12-29T22:26:10.300+07:00  INFO 22112 --- [blood-donation-service] [http-nio-1760-exec-6] c.i.b.s.h.m.MetadataHandlerAspect        : ========== METADATA HANDLER END ==========
2025-12-29T22:26:13.914+07:00  INFO 22112 --- [blood-donation-service] [http-nio-1760-exec-7] c.i.b.i.Config.Security.SecurityConfig   : JWT Subject (User ID): 968199999
2025-12-29T22:26:13.914+07:00  INFO 22112 --- [blood-donation-service] [http-nio-1760-exec-7] c.i.b.i.Config.Security.SecurityConfig   : JWT Scope: ROLE_USER
2025-12-29T22:26:13.921+07:00  INFO 22112 --- [blood-donation-service] [http-nio-1760-exec-7] c.i.b.s.h.m.MetadataHandlerAspect        : ========== METADATA HANDLER START ==========
2025-12-29T22:26:13.922+07:00  INFO 22112 --- [blood-donation-service] [http-nio-1760-exec-7] c.i.b.s.h.m.MetadataHandlerAspect        : User ID: 2
2025-12-29T22:26:13.922+07:00  INFO 22112 --- [blood-donation-service] [http-nio-1760-exec-7] c.i.b.s.h.m.MetadataHandlerAspect        : Phone Number: 968199999
2025-12-29T22:26:13.922+07:00  INFO 22112 --- [blood-donation-service] [http-nio-1760-exec-7] c.i.b.s.h.m.MetadataHandlerAspect        : Role/Scope: ROLE_USER
2025-12-29T22:26:13.922+07:00  INFO 22112 --- [blood-donation-service] [http-nio-1760-exec-7] c.i.b.s.h.m.MetadataHandlerAspect        : ========== METADATA HANDLER END ==========
2025-12-29T22:26:28.323+07:00  INFO 22112 --- [blood-donation-service] [http-nio-1760-exec-8] c.i.b.i.Config.Security.SecurityConfig   : JWT Subject (User ID): 968199999
2025-12-29T22:26:28.324+07:00  INFO 22112 --- [blood-donation-service] [http-nio-1760-exec-8] c.i.b.i.Config.Security.SecurityConfig   : JWT Scope: ROLE_USER
2025-12-29T22:26:28.330+07:00  INFO 22112 --- [blood-donation-service] [http-nio-1760-exec-8] c.i.b.s.h.m.MetadataHandlerAspect        : ========== METADATA HANDLER START ==========
2025-12-29T22:26:28.330+07:00  INFO 22112 --- [blood-donation-service] [http-nio-1760-exec-8] c.i.b.s.h.m.MetadataHandlerAspect        : User ID: 2
2025-12-29T22:26:28.331+07:00  INFO 22112 --- [blood-donation-service] [http-nio-1760-exec-8] c.i.b.s.h.m.MetadataHandlerAspect        : Phone Number: 968199999
2025-12-29T22:26:28.331+07:00  INFO 22112 --- [blood-donation-service] [http-nio-1760-exec-8] c.i.b.s.h.m.MetadataHandlerAspect        : Role/Scope: ROLE_USER
2025-12-29T22:26:28.331+07:00  INFO 22112 --- [blood-donation-service] [http-nio-1760-exec-8] c.i.b.s.h.m.MetadataHandlerAspect        : ========== METADATA HANDLER END ==========
2025-12-29T22:27:05.065+07:00  INFO 22112 --- [blood-donation-service] [SpringApplicationShutdownHook] o.s.b.w.e.tomcat.GracefulShutdown        : Commencing graceful shutdown. Waiting for active requests to complete
2025-12-29T22:27:05.074+07:00  INFO 22112 --- [blood-donation-service] [tomcat-shutdown] o.s.b.w.e.tomcat.GracefulShutdown        : Graceful shutdown complete
2025-12-29T22:27:05.101+07:00  INFO 22112 --- [blood-donation-service] [SpringApplicationShutdownHook] j.LocalContainerEntityManagerFactoryBean : Closing JPA EntityManagerFactory for persistence unit 'default'
2025-12-29T22:27:05.105+07:00  INFO 22112 --- [blood-donation-service] [SpringApplicationShutdownHook] com.zaxxer.hikari.HikariDataSource       : blood-donation-pool - Shutdown initiated...
2025-12-29T22:27:05.119+07:00  INFO 22112 --- [blood-donation-service] [SpringApplicationShutdownHook] com.zaxxer.hikari.HikariDataSource       : blood-donation-pool - Shutdown completed.
2025-12-29T22:27:17.825+07:00  INFO 2924 --- [blood-donation-service] [main] c.i.b.BloodDonationServiceApplication    : Starting BloodDonationServiceApplication using Java 21.0.9 with PID 2924 (D:\document\Springboot\blood-donation-service\target\classes started by CC_computer in D:\document\Springboot\blood-donation-service)
2025-12-29T22:27:17.826+07:00  INFO 2924 --- [blood-donation-service] [main] c.i.b.BloodDonationServiceApplication    : No active profile set, falling back to 1 default profile: "default"
2025-12-29T22:27:18.860+07:00  INFO 2924 --- [blood-donation-service] [main] .s.d.r.c.RepositoryConfigurationDelegate : Bootstrapping Spring Data JPA repositories in DEFAULT mode.
2025-12-29T22:27:19.036+07:00  INFO 2924 --- [blood-donation-service] [main] .s.d.r.c.RepositoryConfigurationDelegate : Finished Spring Data repository scanning in 167 ms. Found 10 JPA repository interfaces.
2025-12-29T22:27:19.598+07:00  INFO 2924 --- [blood-donation-service] [main] o.s.b.w.embedded.tomcat.TomcatWebServer  : Tomcat initialized with port 1760 (http)
2025-12-29T22:27:19.609+07:00  INFO 2924 --- [blood-donation-service] [main] o.apache.catalina.core.StandardService   : Starting service [Tomcat]
2025-12-29T22:27:19.609+07:00  INFO 2924 --- [blood-donation-service] [main] o.apache.catalina.core.StandardEngine    : Starting Servlet engine: [Apache Tomcat/10.1.49]
2025-12-29T22:27:19.666+07:00  INFO 2924 --- [blood-donation-service] [main] o.a.c.c.C.[Tomcat].[localhost].[/]       : Initializing Spring embedded WebApplicationContext
2025-12-29T22:27:19.666+07:00  INFO 2924 --- [blood-donation-service] [main] w.s.c.ServletWebServerApplicationContext : Root WebApplicationContext: initialization completed in 1804 ms
2025-12-29T22:27:19.979+07:00  INFO 2924 --- [blood-donation-service] [main] com.zaxxer.hikari.HikariDataSource       : blood-donation-pool - Starting...
2025-12-29T22:27:20.278+07:00  INFO 2924 --- [blood-donation-service] [main] com.zaxxer.hikari.pool.HikariPool        : blood-donation-pool - Added connection com.mysql.cj.jdbc.ConnectionImpl@2c731a16
2025-12-29T22:27:20.281+07:00  INFO 2924 --- [blood-donation-service] [main] com.zaxxer.hikari.HikariDataSource       : blood-donation-pool - Start completed.
2025-12-29T22:27:20.314+07:00  INFO 2924 --- [blood-donation-service] [main] org.flywaydb.core.FlywayExecutor         : Database: jdbc:mysql://localhost:3306/blood_donation_service_db?useUnicode=true&characterEncoding=UTF-8&useLegacyDatetimeCode=false&serverTimezone=UTC (MySQL 8.0)
2025-12-29T22:27:20.374+07:00  INFO 2924 --- [blood-donation-service] [main] o.f.core.internal.command.DbValidate     : Successfully validated 1 migration (execution time 00:00.031s)
2025-12-29T22:27:20.399+07:00  INFO 2924 --- [blood-donation-service] [main] o.f.core.internal.command.DbMigrate      : Current version of schema `blood_donation_service_db`: 1
2025-12-29T22:27:20.404+07:00  INFO 2924 --- [blood-donation-service] [main] o.f.core.internal.command.DbMigrate      : Schema `blood_donation_service_db` is up to date. No migration necessary.
2025-12-29T22:27:20.511+07:00  INFO 2924 --- [blood-donation-service] [main] o.hibernate.jpa.internal.util.LogHelper  : HHH000204: Processing PersistenceUnitInfo [name: default]
2025-12-29T22:27:20.566+07:00  INFO 2924 --- [blood-donation-service] [main] org.hibernate.Version                    : HHH000412: Hibernate ORM core version 6.6.36.Final
2025-12-29T22:27:20.600+07:00  INFO 2924 --- [blood-donation-service] [main] o.h.c.internal.RegionFactoryInitiator    : HHH000026: Second-level cache disabled
2025-12-29T22:27:20.857+07:00  INFO 2924 --- [blood-donation-service] [main] o.s.o.j.p.SpringPersistenceUnitInfo      : No LoadTimeWeaver setup: ignoring JPA class transformer
2025-12-29T22:27:20.932+07:00  INFO 2924 --- [blood-donation-service] [main] org.hibernate.orm.connections.pooling    : HHH10001005: Database info:
	Database JDBC URL [Connecting through datasource 'HikariDataSource (blood-donation-pool)']
	Database driver: undefined/unknown
	Database version: 8.0.36
	Autocommit mode: undefined/unknown
	Isolation level: undefined/unknown
	Minimum pool size: undefined/unknown
	Maximum pool size: undefined/unknown
2025-12-29T22:27:21.948+07:00  INFO 2924 --- [blood-donation-service] [main] o.h.e.t.j.p.i.JtaPlatformInitiator       : HHH000489: No JTA platform available (set 'hibernate.transaction.jta.platform' to enable JTA platform integration)
2025-12-29T22:27:22.110+07:00  INFO 2924 --- [blood-donation-service] [main] j.LocalContainerEntityManagerFactoryBean : Initialized JPA EntityManagerFactory for persistence unit 'default'
2025-12-29T22:27:22.311+07:00  WARN 2924 --- [blood-donation-service] [main] ConfigServletWebServerApplicationContext : Exception encountered during context initialization - cancelling refresh attempt: org.springframework.beans.factory.UnsatisfiedDependencyException: Error creating bean with name 'authServiceFacade' defined in file [D:\document\Springboot\blood-donation-service\target\classes\co\istab\blooddonationservice\domain\blood\auth\application\AuthServiceFacade.class]: Unsatisfied dependency expressed through constructor parameter 0: Error creating bean with name 'userDatabaseProviderFacade' defined in file [D:\document\Springboot\blood-donation-service\target\classes\co\istab\blooddonationservice\infrastructure\database\provider\UserDatabaseProviderFacade.class]: Unsatisfied dependency expressed through constructor parameter 1: Error creating bean with name 'userDatabaseMapperImpl': Lookup method resolution failed
2025-12-29T22:27:22.312+07:00  INFO 2924 --- [blood-donation-service] [main] j.LocalContainerEntityManagerFactoryBean : Closing JPA EntityManagerFactory for persistence unit 'default'
2025-12-29T22:27:22.315+07:00  INFO 2924 --- [blood-donation-service] [main] com.zaxxer.hikari.HikariDataSource       : blood-donation-pool - Shutdown initiated...
2025-12-29T22:27:22.326+07:00  INFO 2924 --- [blood-donation-service] [main] com.zaxxer.hikari.HikariDataSource       : blood-donation-pool - Shutdown completed.
2025-12-29T22:27:22.329+07:00  INFO 2924 --- [blood-donation-service] [main] o.apache.catalina.core.StandardService   : Stopping service [Tomcat]
2025-12-29T22:27:22.341+07:00  INFO 2924 --- [blood-donation-service] [main] .s.b.a.l.ConditionEvaluationReportLogger : 

Error starting ApplicationContext. To display the condition evaluation report re-run your application with 'debug' enabled.
2025-12-29T22:27:22.371+07:00 ERROR 2924 --- [blood-donation-service] [main] o.s.boot.SpringApplication               : Application run failed

org.springframework.beans.factory.UnsatisfiedDependencyException: Error creating bean with name 'authServiceFacade' defined in file [D:\document\Springboot\blood-donation-service\target\classes\co\istab\blooddonationservice\domain\blood\auth\application\AuthServiceFacade.class]: Unsatisfied dependency expressed through constructor parameter 0: Error creating bean with name 'userDatabaseProviderFacade' defined in file [D:\document\Springboot\blood-donation-service\target\classes\co\istab\blooddonationservice\infrastructure\database\provider\UserDatabaseProviderFacade.class]: Unsatisfied dependency expressed through constructor parameter 1: Error creating bean with name 'userDatabaseMapperImpl': Lookup method resolution failed
	at org.springframework.beans.factory.support.ConstructorResolver.createArgumentArray(ConstructorResolver.java:804) ~[spring-beans-6.2.14.jar:6.2.14]
	at org.springframework.beans.factory.support.ConstructorResolver.autowireConstructor(ConstructorResolver.java:240) ~[spring-beans-6.2.14.jar:6.2.14]
	at org.springframework.beans.factory.support.AbstractAutowireCapableBeanFactory.autowireConstructor(AbstractAutowireCapableBeanFactory.java:1395) ~[spring-beans-6.2.14.jar:6.2.14]
	at org.springframework.beans.factory.support.AbstractAutowireCapableBeanFactory.createBeanInstance(AbstractAutowireCapableBeanFactory.java:1232) ~[spring-beans-6.2.14.jar:6.2.14]
	at org.springframework.beans.factory.support.AbstractAutowireCapableBeanFactory.doCreateBean(AbstractAutowireCapableBeanFactory.java:569) ~[spring-beans-6.2.14.jar:6.2.14]
	at org.springframework.beans.factory.support.AbstractAutowireCapableBeanFactory.createBean(AbstractAutowireCapableBeanFactory.java:529) ~[spring-beans-6.2.14.jar:6.2.14]
	at org.springframework.beans.factory.support.AbstractBeanFactory.lambda$doGetBean$0(AbstractBeanFactory.java:339) ~[spring-beans-6.2.14.jar:6.2.14]
	at org.springframework.beans.factory.support.DefaultSingletonBeanRegistry.getSingleton(DefaultSingletonBeanRegistry.java:373) ~[spring-beans-6.2.14.jar:6.2.14]
	at org.springframework.beans.factory.support.AbstractBeanFactory.doGetBean(AbstractBeanFactory.java:337) ~[spring-beans-6.2.14.jar:6.2.14]
	at org.springframework.beans.factory.support.AbstractBeanFactory.getBean(AbstractBeanFactory.java:202) ~[spring-beans-6.2.14.jar:6.2.14]
	at org.springframework.beans.factory.support.DefaultListableBeanFactory.instantiateSingleton(DefaultListableBeanFactory.java:1228) ~[spring-beans-6.2.14.jar:6.2.14]
	at org.springframework.beans.factory.support.DefaultListableBeanFactory.preInstantiateSingleton(DefaultListableBeanFactory.java:1194) ~[spring-beans-6.2.14.jar:6.2.14]
	at org.springframework.beans.factory.support.DefaultListableBeanFactory.preInstantiateSingletons(DefaultListableBeanFactory.java:1130) ~[spring-beans-6.2.14.jar:6.2.14]
	at org.springframework.context.support.AbstractApplicationContext.finishBeanFactoryInitialization(AbstractApplicationContext.java:990) ~[spring-context-6.2.14.jar:6.2.14]
	at org.springframework.context.support.AbstractApplicationContext.refresh(AbstractApplicationContext.java:627) ~[spring-context-6.2.14.jar:6.2.14]
	at org.springframework.boot.web.servlet.context.ServletWebServerApplicationContext.refresh(ServletWebServerApplicationContext.java:146) ~[spring-boot-3.5.8.jar:3.5.8]
	at org.springframework.boot.SpringApplication.refresh(SpringApplication.java:752) ~[spring-boot-3.5.8.jar:3.5.8]
	at org.springframework.boot.SpringApplication.refreshContext(SpringApplication.java:439) ~[spring-boot-3.5.8.jar:3.5.8]
	at org.springframework.boot.SpringApplication.run(SpringApplication.java:318) ~[spring-boot-3.5.8.jar:3.5.8]
	at org.springframework.boot.SpringApplication.run(SpringApplication.java:1361) ~[spring-boot-3.5.8.jar:3.5.8]
	at org.springframework.boot.SpringApplication.run(SpringApplication.java:1350) ~[spring-boot-3.5.8.jar:3.5.8]
	at co.istab.blooddonationservice.BloodDonationServiceApplication.main(BloodDonationServiceApplication.java:10) ~[classes/:na]
Caused by: org.springframework.beans.factory.UnsatisfiedDependencyException: Error creating bean with name 'userDatabaseProviderFacade' defined in file [D:\document\Springboot\blood-donation-service\target\classes\co\istab\blooddonationservice\infrastructure\database\provider\UserDatabaseProviderFacade.class]: Unsatisfied dependency expressed through constructor parameter 1: Error creating bean with name 'userDatabaseMapperImpl': Lookup method resolution failed
	at org.springframework.beans.factory.support.ConstructorResolver.createArgumentArray(ConstructorResolver.java:804) ~[spring-beans-6.2.14.jar:6.2.14]
	at org.springframework.beans.factory.support.ConstructorResolver.autowireConstructor(ConstructorResolver.java:240) ~[spring-beans-6.2.14.jar:6.2.14]
	at org.springframework.beans.factory.support.AbstractAutowireCapableBeanFactory.autowireConstructor(AbstractAutowireCapableBeanFactory.java:1395) ~[spring-beans-6.2.14.jar:6.2.14]
	at org.springframework.beans.factory.support.AbstractAutowireCapableBeanFactory.createBeanInstance(AbstractAutowireCapableBeanFactory.java:1232) ~[spring-beans-6.2.14.jar:6.2.14]
	at org.springframework.beans.factory.support.AbstractAutowireCapableBeanFactory.doCreateBean(AbstractAutowireCapableBeanFactory.java:569) ~[spring-beans-6.2.14.jar:6.2.14]
	at org.springframework.beans.factory.support.AbstractAutowireCapableBeanFactory.createBean(AbstractAutowireCapableBeanFactory.java:529) ~[spring-beans-6.2.14.jar:6.2.14]
	at org.springframework.beans.factory.support.AbstractBeanFactory.lambda$doGetBean$0(AbstractBeanFactory.java:339) ~[spring-beans-6.2.14.jar:6.2.14]
	at org.springframework.beans.factory.support.DefaultSingletonBeanRegistry.getSingleton(DefaultSingletonBeanRegistry.java:373) ~[spring-beans-6.2.14.jar:6.2.14]
	at org.springframework.beans.factory.support.AbstractBeanFactory.doGetBean(AbstractBeanFactory.java:337) ~[spring-beans-6.2.14.jar:6.2.14]
	at org.springframework.beans.factory.support.AbstractBeanFactory.getBean(AbstractBeanFactory.java:202) ~[spring-beans-6.2.14.jar:6.2.14]
	at org.springframework.beans.factory.config.DependencyDescriptor.resolveCandidate(DependencyDescriptor.java:254) ~[spring-beans-6.2.14.jar:6.2.14]
	at org.springframework.beans.factory.support.DefaultListableBeanFactory.doResolveDependency(DefaultListableBeanFactory.java:1770) ~[spring-beans-6.2.14.jar:6.2.14]
	at org.springframework.beans.factory.support.DefaultListableBeanFactory.resolveDependency(DefaultListableBeanFactory.java:1653) ~[spring-beans-6.2.14.jar:6.2.14]
	at org.springframework.beans.factory.support.ConstructorResolver.resolveAutowiredArgument(ConstructorResolver.java:913) ~[spring-beans-6.2.14.jar:6.2.14]
	at org.springframework.beans.factory.support.ConstructorResolver.createArgumentArray(ConstructorResolver.java:791) ~[spring-beans-6.2.14.jar:6.2.14]
	... 21 common frames omitted
Caused by: org.springframework.beans.factory.BeanCreationException: Error creating bean with name 'userDatabaseMapperImpl': Lookup method resolution failed
	at org.springframework.beans.factory.annotation.AutowiredAnnotationBeanPostProcessor.checkLookupMethods(AutowiredAnnotationBeanPostProcessor.java:498) ~[spring-beans-6.2.14.jar:6.2.14]
	at org.springframework.beans.factory.annotation.AutowiredAnnotationBeanPostProcessor.determineCandidateConstructors(AutowiredAnnotationBeanPostProcessor.java:368) ~[spring-beans-6.2.14.jar:6.2.14]
	at org.springframework.beans.factory.support.AbstractAutowireCapableBeanFactory.determineConstructorsFromBeanPostProcessors(AbstractAutowireCapableBeanFactory.java:1334) ~[spring-beans-6.2.14.jar:6.2.14]
	at org.springframework.beans.factory.support.AbstractAutowireCapableBeanFactory.createBeanInstance(AbstractAutowireCapableBeanFactory.java:1229) ~[spring-beans-6.2.14.jar:6.2.14]
	at org.springframework.beans.factory.support.AbstractAutowireCapableBeanFactory.doCreateBean(AbstractAutowireCapableBeanFactory.java:569) ~[spring-beans-6.2.14.jar:6.2.14]
	at org.springframework.beans.factory.support.AbstractAutowireCapableBeanFactory.createBean(AbstractAutowireCapableBeanFactory.java:529) ~[spring-beans-6.2.14.jar:6.2.14]
	at org.springframework.beans.factory.support.AbstractBeanFactory.lambda$doGetBean$0(AbstractBeanFactory.java:339) ~[spring-beans-6.2.14.jar:6.2.14]
	at org.springframework.beans.factory.support.DefaultSingletonBeanRegistry.getSingleton(DefaultSingletonBeanRegistry.java:373) ~[spring-beans-6.2.14.jar:6.2.14]
	at org.springframework.beans.factory.support.AbstractBeanFactory.doGetBean(AbstractBeanFactory.java:337) ~[spring-beans-6.2.14.jar:6.2.14]
	at org.springframework.beans.factory.support.AbstractBeanFactory.getBean(AbstractBeanFactory.java:202) ~[spring-beans-6.2.14.jar:6.2.14]
	at org.springframework.beans.factory.config.DependencyDescriptor.resolveCandidate(DependencyDescriptor.java:254) ~[spring-beans-6.2.14.jar:6.2.14]
	at org.springframework.beans.factory.support.DefaultListableBeanFactory.doResolveDependency(DefaultListableBeanFactory.java:1770) ~[spring-beans-6.2.14.jar:6.2.14]
	at org.springframework.beans.factory.support.DefaultListableBeanFactory.resolveDependency(DefaultListableBeanFactory.java:1653) ~[spring-beans-6.2.14.jar:6.2.14]
	at org.springframework.beans.factory.support.ConstructorResolver.resolveAutowiredArgument(ConstructorResolver.java:913) ~[spring-beans-6.2.14.jar:6.2.14]
	at org.springframework.beans.factory.support.ConstructorResolver.createArgumentArray(ConstructorResolver.java:791) ~[spring-beans-6.2.14.jar:6.2.14]
	... 35 common frames omitted
Caused by: java.lang.IllegalStateException: Failed to introspect Class [co.istab.blooddonationservice.infrastructure.database.mapper.UserDatabaseMapperImpl] from ClassLoader [jdk.internal.loader.ClassLoaders$AppClassLoader@76ed5528]
	at org.springframework.util.ReflectionUtils.getDeclaredMethods(ReflectionUtils.java:483) ~[spring-core-6.2.14.jar:6.2.14]
	at org.springframework.util.ReflectionUtils.doWithLocalMethods(ReflectionUtils.java:320) ~[spring-core-6.2.14.jar:6.2.14]
	at org.springframework.beans.factory.annotation.AutowiredAnnotationBeanPostProcessor.checkLookupMethods(AutowiredAnnotationBeanPostProcessor.java:476) ~[spring-beans-6.2.14.jar:6.2.14]
	... 49 common frames omitted
Caused by: java.lang.NoClassDefFoundError: co/istab/blooddonationservice/domain/blood/user/entity/Role
	at java.base/java.lang.Class.getDeclaredMethods0(Native Method) ~[na:na]
	at java.base/java.lang.Class.privateGetDeclaredMethods(Class.java:3580) ~[na:na]
	at java.base/java.lang.Class.getDeclaredMethods(Class.java:2678) ~[na:na]
	at org.springframework.util.ReflectionUtils.getDeclaredMethods(ReflectionUtils.java:465) ~[spring-core-6.2.14.jar:6.2.14]
	... 51 common frames omitted
Caused by: java.lang.ClassNotFoundException: co.istab.blooddonationservice.domain.blood.user.entity.Role
	at java.base/jdk.internal.loader.BuiltinClassLoader.loadClass(BuiltinClassLoader.java:641) ~[na:na]
	at java.base/jdk.internal.loader.ClassLoaders$AppClassLoader.loadClass(ClassLoaders.java:188) ~[na:na]
	at java.base/java.lang.ClassLoader.loadClass(ClassLoader.java:526) ~[na:na]
	... 55 common frames omitted

2025-12-29T22:27:36.139+07:00  INFO 27640 --- [blood-donation-service] [main] c.i.b.BloodDonationServiceApplication    : Starting BloodDonationServiceApplication using Java 21.0.9 with PID 27640 (D:\document\Springboot\blood-donation-service\target\classes started by CC_computer in D:\document\Springboot\blood-donation-service)
2025-12-29T22:27:36.142+07:00  INFO 27640 --- [blood-donation-service] [main] c.i.b.BloodDonationServiceApplication    : No active profile set, falling back to 1 default profile: "default"
2025-12-29T22:27:37.145+07:00  INFO 27640 --- [blood-donation-service] [main] .s.d.r.c.RepositoryConfigurationDelegate : Bootstrapping Spring Data JPA repositories in DEFAULT mode.
2025-12-29T22:27:37.331+07:00  INFO 27640 --- [blood-donation-service] [main] .s.d.r.c.RepositoryConfigurationDelegate : Finished Spring Data repository scanning in 176 ms. Found 10 JPA repository interfaces.
2025-12-29T22:27:37.889+07:00  INFO 27640 --- [blood-donation-service] [main] o.s.b.w.embedded.tomcat.TomcatWebServer  : Tomcat initialized with port 1760 (http)
2025-12-29T22:27:37.901+07:00  INFO 27640 --- [blood-donation-service] [main] o.apache.catalina.core.StandardService   : Starting service [Tomcat]
2025-12-29T22:27:37.901+07:00  INFO 27640 --- [blood-donation-service] [main] o.apache.catalina.core.StandardEngine    : Starting Servlet engine: [Apache Tomcat/10.1.49]
2025-12-29T22:27:37.958+07:00  INFO 27640 --- [blood-donation-service] [main] o.a.c.c.C.[Tomcat].[localhost].[/]       : Initializing Spring embedded WebApplicationContext
2025-12-29T22:27:37.958+07:00  INFO 27640 --- [blood-donation-service] [main] w.s.c.ServletWebServerApplicationContext : Root WebApplicationContext: initialization completed in 1785 ms
2025-12-29T22:27:38.279+07:00  INFO 27640 --- [blood-donation-service] [main] com.zaxxer.hikari.HikariDataSource       : blood-donation-pool - Starting...
2025-12-29T22:27:38.561+07:00  INFO 27640 --- [blood-donation-service] [main] com.zaxxer.hikari.pool.HikariPool        : blood-donation-pool - Added connection com.mysql.cj.jdbc.ConnectionImpl@2c731a16
2025-12-29T22:27:38.564+07:00  INFO 27640 --- [blood-donation-service] [main] com.zaxxer.hikari.HikariDataSource       : blood-donation-pool - Start completed.
2025-12-29T22:27:38.601+07:00  INFO 27640 --- [blood-donation-service] [main] org.flywaydb.core.FlywayExecutor         : Database: jdbc:mysql://localhost:3306/blood_donation_service_db?useUnicode=true&characterEncoding=UTF-8&useLegacyDatetimeCode=false&serverTimezone=UTC (MySQL 8.0)
2025-12-29T22:27:38.656+07:00  INFO 27640 --- [blood-donation-service] [main] o.f.core.internal.command.DbValidate     : Successfully validated 1 migration (execution time 00:00.028s)
2025-12-29T22:27:38.680+07:00  INFO 27640 --- [blood-donation-service] [main] o.f.core.internal.command.DbMigrate      : Current version of schema `blood_donation_service_db`: 1
2025-12-29T22:27:38.685+07:00  INFO 27640 --- [blood-donation-service] [main] o.f.core.internal.command.DbMigrate      : Schema `blood_donation_service_db` is up to date. No migration necessary.
2025-12-29T22:27:38.792+07:00  INFO 27640 --- [blood-donation-service] [main] o.hibernate.jpa.internal.util.LogHelper  : HHH000204: Processing PersistenceUnitInfo [name: default]
2025-12-29T22:27:38.851+07:00  INFO 27640 --- [blood-donation-service] [main] org.hibernate.Version                    : HHH000412: Hibernate ORM core version 6.6.36.Final
2025-12-29T22:27:38.884+07:00  INFO 27640 --- [blood-donation-service] [main] o.h.c.internal.RegionFactoryInitiator    : HHH000026: Second-level cache disabled
2025-12-29T22:27:39.142+07:00  INFO 27640 --- [blood-donation-service] [main] o.s.o.j.p.SpringPersistenceUnitInfo      : No LoadTimeWeaver setup: ignoring JPA class transformer
2025-12-29T22:27:39.216+07:00  INFO 27640 --- [blood-donation-service] [main] org.hibernate.orm.connections.pooling    : HHH10001005: Database info:
	Database JDBC URL [Connecting through datasource 'HikariDataSource (blood-donation-pool)']
	Database driver: undefined/unknown
	Database version: 8.0.36
	Autocommit mode: undefined/unknown
	Isolation level: undefined/unknown
	Minimum pool size: undefined/unknown
	Maximum pool size: undefined/unknown
2025-12-29T22:27:40.216+07:00  INFO 27640 --- [blood-donation-service] [main] o.h.e.t.j.p.i.JtaPlatformInitiator       : HHH000489: No JTA platform available (set 'hibernate.transaction.jta.platform' to enable JTA platform integration)
2025-12-29T22:27:40.371+07:00  INFO 27640 --- [blood-donation-service] [main] j.LocalContainerEntityManagerFactoryBean : Initialized JPA EntityManagerFactory for persistence unit 'default'
2025-12-29T22:27:57.388+07:00  INFO 27640 --- [blood-donation-service] [main] o.s.d.j.r.query.QueryEnhancerFactory     : Hibernate is in classpath; If applicable, HQL parser will be used.
2025-12-29T22:27:59.592+07:00  INFO 27640 --- [blood-donation-service] [main] o.s.b.a.e.web.EndpointLinksResolver      : Exposing 1 endpoint beneath base path '/actuator'
2025-12-29T22:27:59.664+07:00  INFO 27640 --- [blood-donation-service] [main] eAuthenticationProviderManagerConfigurer : Found 2 AuthenticationProvider beans, with names [jwtAuthenticationProvider, daoAuthenticationProvider]. Global Authentication Manager will not be configured with AuthenticationProviders. Consider publishing a single AuthenticationProvider bean, or wiring your Providers directly using the DSL.
2025-12-29T22:27:59.669+07:00  INFO 27640 --- [blood-donation-service] [main] r$InitializeUserDetailsManagerConfigurer : Global AuthenticationManager configured with UserDetailsService bean with name userDetailsServiceImpl
2025-12-29T22:28:00.697+07:00  INFO 27640 --- [blood-donation-service] [main] o.s.b.w.embedded.tomcat.TomcatWebServer  : Tomcat started on port 1760 (http) with context path '/'
2025-12-29T22:28:00.716+07:00  INFO 27640 --- [blood-donation-service] [main] c.i.b.BloodDonationServiceApplication    : Started BloodDonationServiceApplication in 25.027 seconds (process running for 26.054)
2025-12-29T22:28:01.181+07:00  INFO 27640 --- [blood-donation-service] [RMI TCP Connection(6)-192.168.1.4] o.a.c.c.C.[Tomcat].[localhost].[/]       : Initializing Spring DispatcherServlet 'dispatcherServlet'
2025-12-29T22:28:01.182+07:00  INFO 27640 --- [blood-donation-service] [RMI TCP Connection(6)-192.168.1.4] o.s.web.servlet.DispatcherServlet        : Initializing Servlet 'dispatcherServlet'
2025-12-29T22:28:01.185+07:00  INFO 27640 --- [blood-donation-service] [RMI TCP Connection(6)-192.168.1.4] o.s.web.servlet.DispatcherServlet        : Completed initialization in 3 ms
2025-12-29T22:28:05.625+07:00  INFO 27640 --- [blood-donation-service] [http-nio-1760-exec-2] c.i.b.d.b.a.a.AuthServiceFacade          : authenticated user: [ROLE_USER]
2025-12-29T22:28:05.626+07:00  INFO 27640 --- [blood-donation-service] [http-nio-1760-exec-2] c.i.b.d.b.a.a.AuthServiceFacade          : scope: ROLE_USER
2025-12-29T22:28:09.497+07:00  INFO 27640 --- [blood-donation-service] [http-nio-1760-exec-3] c.i.b.i.Config.Security.SecurityConfig   : JWT Subject (User ID): 968199999
2025-12-29T22:28:09.497+07:00  INFO 27640 --- [blood-donation-service] [http-nio-1760-exec-3] c.i.b.i.Config.Security.SecurityConfig   : JWT Scope: ROLE_USER
2025-12-29T22:28:09.532+07:00  INFO 27640 --- [blood-donation-service] [http-nio-1760-exec-3] c.i.b.s.h.m.MetadataHandlerAspect        : ========== METADATA HANDLER START ==========
2025-12-29T22:28:09.532+07:00  INFO 27640 --- [blood-donation-service] [http-nio-1760-exec-3] c.i.b.s.h.m.MetadataHandlerAspect        : User ID: 2
2025-12-29T22:28:09.532+07:00  INFO 27640 --- [blood-donation-service] [http-nio-1760-exec-3] c.i.b.s.h.m.MetadataHandlerAspect        : Phone Number: 968199999
2025-12-29T22:28:09.534+07:00  INFO 27640 --- [blood-donation-service] [http-nio-1760-exec-3] c.i.b.s.h.m.MetadataHandlerAspect        : Role/Scope: ROLE_USER
2025-12-29T22:28:09.534+07:00  INFO 27640 --- [blood-donation-service] [http-nio-1760-exec-3] c.i.b.s.h.m.MetadataHandlerAspect        : ========== METADATA HANDLER END ==========
2025-12-29T22:28:14.808+07:00  INFO 27640 --- [blood-donation-service] [http-nio-1760-exec-4] c.i.b.i.Config.Security.SecurityConfig   : JWT Subject (User ID): 968199999
2025-12-29T22:28:14.808+07:00  INFO 27640 --- [blood-donation-service] [http-nio-1760-exec-4] c.i.b.i.Config.Security.SecurityConfig   : JWT Scope: ROLE_USER
2025-12-29T22:28:14.822+07:00  INFO 27640 --- [blood-donation-service] [http-nio-1760-exec-4] c.i.b.s.h.m.MetadataHandlerAspect        : ========== METADATA HANDLER START ==========
2025-12-29T22:28:14.823+07:00  INFO 27640 --- [blood-donation-service] [http-nio-1760-exec-4] c.i.b.s.h.m.MetadataHandlerAspect        : User ID: 2
2025-12-29T22:28:14.823+07:00  INFO 27640 --- [blood-donation-service] [http-nio-1760-exec-4] c.i.b.s.h.m.MetadataHandlerAspect        : Phone Number: 968199999
2025-12-29T22:28:14.823+07:00  INFO 27640 --- [blood-donation-service] [http-nio-1760-exec-4] c.i.b.s.h.m.MetadataHandlerAspect        : Role/Scope: ROLE_USER
2025-12-29T22:28:14.823+07:00  INFO 27640 --- [blood-donation-service] [http-nio-1760-exec-4] c.i.b.s.h.m.MetadataHandlerAspect        : ========== METADATA HANDLER END ==========
2025-12-29T22:28:32.214+07:00  INFO 27640 --- [blood-donation-service] [http-nio-1760-exec-5] c.i.b.i.Config.Security.SecurityConfig   : JWT Subject (User ID): 968199999
2025-12-29T22:28:32.215+07:00  INFO 27640 --- [blood-donation-service] [http-nio-1760-exec-5] c.i.b.i.Config.Security.SecurityConfig   : JWT Scope: ROLE_USER
2025-12-29T22:28:32.222+07:00  INFO 27640 --- [blood-donation-service] [http-nio-1760-exec-5] c.i.b.s.h.m.MetadataHandlerAspect        : ========== METADATA HANDLER START ==========
2025-12-29T22:28:32.223+07:00  INFO 27640 --- [blood-donation-service] [http-nio-1760-exec-5] c.i.b.s.h.m.MetadataHandlerAspect        : User ID: 2
2025-12-29T22:28:32.223+07:00  INFO 27640 --- [blood-donation-service] [http-nio-1760-exec-5] c.i.b.s.h.m.MetadataHandlerAspect        : Phone Number: 968199999
2025-12-29T22:28:32.223+07:00  INFO 27640 --- [blood-donation-service] [http-nio-1760-exec-5] c.i.b.s.h.m.MetadataHandlerAspect        : Role/Scope: ROLE_USER
2025-12-29T22:28:32.223+07:00  INFO 27640 --- [blood-donation-service] [http-nio-1760-exec-5] c.i.b.s.h.m.MetadataHandlerAspect        : ========== METADATA HANDLER END ==========
2025-12-29T22:28:49.022+07:00  INFO 27640 --- [blood-donation-service] [http-nio-1760-exec-6] c.i.b.i.Config.Security.SecurityConfig   : JWT Subject (User ID): 968199999
2025-12-29T22:28:49.022+07:00  INFO 27640 --- [blood-donation-service] [http-nio-1760-exec-6] c.i.b.i.Config.Security.SecurityConfig   : JWT Scope: ROLE_USER
2025-12-29T22:28:49.030+07:00  INFO 27640 --- [blood-donation-service] [http-nio-1760-exec-6] c.i.b.s.h.m.MetadataHandlerAspect        : ========== METADATA HANDLER START ==========
2025-12-29T22:28:49.031+07:00  INFO 27640 --- [blood-donation-service] [http-nio-1760-exec-6] c.i.b.s.h.m.MetadataHandlerAspect        : User ID: 2
2025-12-29T22:28:49.031+07:00  INFO 27640 --- [blood-donation-service] [http-nio-1760-exec-6] c.i.b.s.h.m.MetadataHandlerAspect        : Phone Number: 968199999
2025-12-29T22:28:49.031+07:00  INFO 27640 --- [blood-donation-service] [http-nio-1760-exec-6] c.i.b.s.h.m.MetadataHandlerAspect        : Role/Scope: ROLE_USER
2025-12-29T22:28:49.031+07:00  INFO 27640 --- [blood-donation-service] [http-nio-1760-exec-6] c.i.b.s.h.m.MetadataHandlerAspect        : ========== METADATA HANDLER END ==========
2025-12-29T22:28:57.722+07:00  INFO 27640 --- [blood-donation-service] [http-nio-1760-exec-7] c.i.b.i.Config.Security.SecurityConfig   : JWT Subject (User ID): 968199999
2025-12-29T22:28:57.722+07:00  INFO 27640 --- [blood-donation-service] [http-nio-1760-exec-7] c.i.b.i.Config.Security.SecurityConfig   : JWT Scope: ROLE_USER
2025-12-29T22:28:57.729+07:00  INFO 27640 --- [blood-donation-service] [http-nio-1760-exec-7] c.i.b.s.h.m.MetadataHandlerAspect        : ========== METADATA HANDLER START ==========
2025-12-29T22:28:57.730+07:00  INFO 27640 --- [blood-donation-service] [http-nio-1760-exec-7] c.i.b.s.h.m.MetadataHandlerAspect        : User ID: 2
2025-12-29T22:28:57.730+07:00  INFO 27640 --- [blood-donation-service] [http-nio-1760-exec-7] c.i.b.s.h.m.MetadataHandlerAspect        : Phone Number: 968199999
2025-12-29T22:28:57.730+07:00  INFO 27640 --- [blood-donation-service] [http-nio-1760-exec-7] c.i.b.s.h.m.MetadataHandlerAspect        : Role/Scope: ROLE_USER
2025-12-29T22:28:57.730+07:00  INFO 27640 --- [blood-donation-service] [http-nio-1760-exec-7] c.i.b.s.h.m.MetadataHandlerAspect        : ========== METADATA HANDLER END ==========
2025-12-29T22:29:00.236+07:00  INFO 27640 --- [blood-donation-service] [http-nio-1760-exec-8] c.i.b.i.Config.Security.SecurityConfig   : JWT Subject (User ID): 968199999
2025-12-29T22:29:00.236+07:00  INFO 27640 --- [blood-donation-service] [http-nio-1760-exec-8] c.i.b.i.Config.Security.SecurityConfig   : JWT Scope: ROLE_USER
2025-12-29T22:29:00.242+07:00  INFO 27640 --- [blood-donation-service] [http-nio-1760-exec-8] c.i.b.s.h.m.MetadataHandlerAspect        : ========== METADATA HANDLER START ==========
2025-12-29T22:29:00.242+07:00  INFO 27640 --- [blood-donation-service] [http-nio-1760-exec-8] c.i.b.s.h.m.MetadataHandlerAspect        : User ID: 2
2025-12-29T22:29:00.242+07:00  INFO 27640 --- [blood-donation-service] [http-nio-1760-exec-8] c.i.b.s.h.m.MetadataHandlerAspect        : Phone Number: 968199999
2025-12-29T22:29:00.242+07:00  INFO 27640 --- [blood-donation-service] [http-nio-1760-exec-8] c.i.b.s.h.m.MetadataHandlerAspect        : Role/Scope: ROLE_USER
2025-12-29T22:29:00.242+07:00  INFO 27640 --- [blood-donation-service] [http-nio-1760-exec-8] c.i.b.s.h.m.MetadataHandlerAspect        : ========== METADATA HANDLER END ==========
2025-12-29T22:29:24.455+07:00  INFO 27640 --- [blood-donation-service] [http-nio-1760-exec-9] c.i.b.i.Config.Security.SecurityConfig   : JWT Subject (User ID): 968199999
2025-12-29T22:29:24.456+07:00  INFO 27640 --- [blood-donation-service] [http-nio-1760-exec-9] c.i.b.i.Config.Security.SecurityConfig   : JWT Scope: ROLE_USER
2025-12-29T22:29:24.462+07:00  INFO 27640 --- [blood-donation-service] [http-nio-1760-exec-9] c.i.b.s.h.m.MetadataHandlerAspect        : ========== METADATA HANDLER START ==========
2025-12-29T22:29:24.462+07:00  INFO 27640 --- [blood-donation-service] [http-nio-1760-exec-9] c.i.b.s.h.m.MetadataHandlerAspect        : User ID: 2
2025-12-29T22:29:24.463+07:00  INFO 27640 --- [blood-donation-service] [http-nio-1760-exec-9] c.i.b.s.h.m.MetadataHandlerAspect        : Phone Number: 968199999
2025-12-29T22:29:24.463+07:00  INFO 27640 --- [blood-donation-service] [http-nio-1760-exec-9] c.i.b.s.h.m.MetadataHandlerAspect        : Role/Scope: ROLE_USER
2025-12-29T22:29:24.463+07:00  INFO 27640 --- [blood-donation-service] [http-nio-1760-exec-9] c.i.b.s.h.m.MetadataHandlerAspect        : ========== METADATA HANDLER END ==========
2025-12-29T22:29:29.090+07:00  INFO 27640 --- [blood-donation-service] [http-nio-1760-exec-10] c.i.b.i.Config.Security.SecurityConfig   : JWT Subject (User ID): 968199999
2025-12-29T22:29:29.090+07:00  INFO 27640 --- [blood-donation-service] [http-nio-1760-exec-10] c.i.b.i.Config.Security.SecurityConfig   : JWT Scope: ROLE_USER
2025-12-29T22:29:29.096+07:00  INFO 27640 --- [blood-donation-service] [http-nio-1760-exec-10] c.i.b.s.h.m.MetadataHandlerAspect        : ========== METADATA HANDLER START ==========
2025-12-29T22:29:29.097+07:00  INFO 27640 --- [blood-donation-service] [http-nio-1760-exec-10] c.i.b.s.h.m.MetadataHandlerAspect        : User ID: 2
2025-12-29T22:29:29.097+07:00  INFO 27640 --- [blood-donation-service] [http-nio-1760-exec-10] c.i.b.s.h.m.MetadataHandlerAspect        : Phone Number: 968199999
2025-12-29T22:29:29.097+07:00  INFO 27640 --- [blood-donation-service] [http-nio-1760-exec-10] c.i.b.s.h.m.MetadataHandlerAspect        : Role/Scope: ROLE_USER
2025-12-29T22:29:29.097+07:00  INFO 27640 --- [blood-donation-service] [http-nio-1760-exec-10] c.i.b.s.h.m.MetadataHandlerAspect        : ========== METADATA HANDLER END ==========
2025-12-29T22:29:36.744+07:00  INFO 27640 --- [blood-donation-service] [http-nio-1760-exec-1] c.i.b.i.Config.Security.SecurityConfig   : JWT Subject (User ID): 968199999
2025-12-29T22:29:36.745+07:00  INFO 27640 --- [blood-donation-service] [http-nio-1760-exec-1] c.i.b.i.Config.Security.SecurityConfig   : JWT Scope: ROLE_USER
2025-12-29T22:29:36.751+07:00  INFO 27640 --- [blood-donation-service] [http-nio-1760-exec-1] c.i.b.s.h.m.MetadataHandlerAspect        : ========== METADATA HANDLER START ==========
2025-12-29T22:29:36.752+07:00  INFO 27640 --- [blood-donation-service] [http-nio-1760-exec-1] c.i.b.s.h.m.MetadataHandlerAspect        : User ID: 2
2025-12-29T22:29:36.752+07:00  INFO 27640 --- [blood-donation-service] [http-nio-1760-exec-1] c.i.b.s.h.m.MetadataHandlerAspect        : Phone Number: 968199999
2025-12-29T22:29:36.752+07:00  INFO 27640 --- [blood-donation-service] [http-nio-1760-exec-1] c.i.b.s.h.m.MetadataHandlerAspect        : Role/Scope: ROLE_USER
2025-12-29T22:29:36.752+07:00  INFO 27640 --- [blood-donation-service] [http-nio-1760-exec-1] c.i.b.s.h.m.MetadataHandlerAspect        : ========== METADATA HANDLER END ==========
2025-12-29T22:29:52.388+07:00  INFO 27640 --- [blood-donation-service] [http-nio-1760-exec-2] c.i.b.i.Config.Security.SecurityConfig   : JWT Subject (User ID): 968199999
2025-12-29T22:29:52.388+07:00  INFO 27640 --- [blood-donation-service] [http-nio-1760-exec-2] c.i.b.i.Config.Security.SecurityConfig   : JWT Scope: ROLE_USER
2025-12-29T22:29:52.395+07:00  INFO 27640 --- [blood-donation-service] [http-nio-1760-exec-2] c.i.b.s.h.m.MetadataHandlerAspect        : ========== METADATA HANDLER START ==========
2025-12-29T22:29:52.395+07:00  INFO 27640 --- [blood-donation-service] [http-nio-1760-exec-2] c.i.b.s.h.m.MetadataHandlerAspect        : User ID: 2
2025-12-29T22:29:52.395+07:00  INFO 27640 --- [blood-donation-service] [http-nio-1760-exec-2] c.i.b.s.h.m.MetadataHandlerAspect        : Phone Number: 968199999
2025-12-29T22:29:52.396+07:00  INFO 27640 --- [blood-donation-service] [http-nio-1760-exec-2] c.i.b.s.h.m.MetadataHandlerAspect        : Role/Scope: ROLE_USER
2025-12-29T22:29:52.396+07:00  INFO 27640 --- [blood-donation-service] [http-nio-1760-exec-2] c.i.b.s.h.m.MetadataHandlerAspect        : ========== METADATA HANDLER END ==========
2025-12-29T22:30:12.274+07:00  INFO 27640 --- [blood-donation-service] [http-nio-1760-exec-4] c.i.b.i.Config.Security.SecurityConfig   : JWT Subject (User ID): 968199999
2025-12-29T22:30:12.274+07:00  INFO 27640 --- [blood-donation-service] [http-nio-1760-exec-4] c.i.b.i.Config.Security.SecurityConfig   : JWT Scope: ROLE_USER
2025-12-29T22:30:12.279+07:00  INFO 27640 --- [blood-donation-service] [http-nio-1760-exec-4] c.i.b.s.h.m.MetadataHandlerAspect        : ========== METADATA HANDLER START ==========
2025-12-29T22:30:12.281+07:00  INFO 27640 --- [blood-donation-service] [http-nio-1760-exec-4] c.i.b.s.h.m.MetadataHandlerAspect        : User ID: 2
2025-12-29T22:30:12.281+07:00  INFO 27640 --- [blood-donation-service] [http-nio-1760-exec-4] c.i.b.s.h.m.MetadataHandlerAspect        : Phone Number: 968199999
2025-12-29T22:30:12.281+07:00  INFO 27640 --- [blood-donation-service] [http-nio-1760-exec-4] c.i.b.s.h.m.MetadataHandlerAspect        : Role/Scope: ROLE_USER
2025-12-29T22:30:12.281+07:00  INFO 27640 --- [blood-donation-service] [http-nio-1760-exec-4] c.i.b.s.h.m.MetadataHandlerAspect        : ========== METADATA HANDLER END ==========
2025-12-29T22:30:17.377+07:00  INFO 27640 --- [blood-donation-service] [http-nio-1760-exec-6] c.i.b.i.Config.Security.SecurityConfig   : JWT Subject (User ID): 968199999
2025-12-29T22:30:17.377+07:00  INFO 27640 --- [blood-donation-service] [http-nio-1760-exec-6] c.i.b.i.Config.Security.SecurityConfig   : JWT Scope: ROLE_USER
2025-12-29T22:30:17.382+07:00  INFO 27640 --- [blood-donation-service] [http-nio-1760-exec-6] c.i.b.s.h.m.MetadataHandlerAspect        : ========== METADATA HANDLER START ==========
2025-12-29T22:30:17.382+07:00  INFO 27640 --- [blood-donation-service] [http-nio-1760-exec-6] c.i.b.s.h.m.MetadataHandlerAspect        : User ID: 2
2025-12-29T22:30:17.382+07:00  INFO 27640 --- [blood-donation-service] [http-nio-1760-exec-6] c.i.b.s.h.m.MetadataHandlerAspect        : Phone Number: 968199999
2025-12-29T22:30:17.382+07:00  INFO 27640 --- [blood-donation-service] [http-nio-1760-exec-6] c.i.b.s.h.m.MetadataHandlerAspect        : Role/Scope: ROLE_USER
2025-12-29T22:30:17.382+07:00  INFO 27640 --- [blood-donation-service] [http-nio-1760-exec-6] c.i.b.s.h.m.MetadataHandlerAspect        : ========== METADATA HANDLER END ==========
2025-12-29T22:30:20.087+07:00  INFO 27640 --- [blood-donation-service] [reactor-http-nio-2] c.i.b.d.b.n.a.OneSignalServiceFacade     : Push notification sent to user 1: null recipients
2025-12-29T22:46:58.084+07:00  INFO 27640 --- [blood-donation-service] [SpringApplicationShutdownHook] o.s.b.w.e.tomcat.GracefulShutdown        : Commencing graceful shutdown. Waiting for active requests to complete
2025-12-29T22:46:58.093+07:00  INFO 27640 --- [blood-donation-service] [tomcat-shutdown] o.s.b.w.e.tomcat.GracefulShutdown        : Graceful shutdown complete
2025-12-29T22:47:00.175+07:00  INFO 27640 --- [blood-donation-service] [SpringApplicationShutdownHook] j.LocalContainerEntityManagerFactoryBean : Closing JPA EntityManagerFactory for persistence unit 'default'
2025-12-29T22:47:00.178+07:00  INFO 27640 --- [blood-donation-service] [SpringApplicationShutdownHook] com.zaxxer.hikari.HikariDataSource       : blood-donation-pool - Shutdown initiated...
2025-12-29T22:47:00.187+07:00  INFO 27640 --- [blood-donation-service] [SpringApplicationShutdownHook] com.zaxxer.hikari.HikariDataSource       : blood-donation-pool - Shutdown completed.
2025-12-29T22:47:32.030+07:00  INFO 20956 --- [blood-donation-service] [main] c.i.b.BloodDonationServiceApplication    : Starting BloodDonationServiceApplication using Java 21.0.9 with PID 20956 (D:\document\Springboot\blood-donation-service\target\classes started by CC_computer in D:\document\Springboot\blood-donation-service)
2025-12-29T22:47:32.034+07:00  INFO 20956 --- [blood-donation-service] [main] c.i.b.BloodDonationServiceApplication    : No active profile set, falling back to 1 default profile: "default"
2025-12-29T22:47:34.284+07:00  INFO 20956 --- [blood-donation-service] [main] .s.d.r.c.RepositoryConfigurationDelegate : Bootstrapping Spring Data JPA repositories in DEFAULT mode.
2025-12-29T22:47:34.735+07:00  INFO 20956 --- [blood-donation-service] [main] .s.d.r.c.RepositoryConfigurationDelegate : Finished Spring Data repository scanning in 433 ms. Found 10 JPA repository interfaces.
2025-12-29T22:47:36.009+07:00  INFO 20956 --- [blood-donation-service] [main] o.s.b.w.embedded.tomcat.TomcatWebServer  : Tomcat initialized with port 1760 (http)
2025-12-29T22:47:36.037+07:00  INFO 20956 --- [blood-donation-service] [main] o.apache.catalina.core.StandardService   : Starting service [Tomcat]
2025-12-29T22:47:36.037+07:00  INFO 20956 --- [blood-donation-service] [main] o.apache.catalina.core.StandardEngine    : Starting Servlet engine: [Apache Tomcat/10.1.49]
2025-12-29T22:47:36.164+07:00  INFO 20956 --- [blood-donation-service] [main] o.a.c.c.C.[Tomcat].[localhost].[/]       : Initializing Spring embedded WebApplicationContext
2025-12-29T22:47:36.165+07:00  INFO 20956 --- [blood-donation-service] [main] w.s.c.ServletWebServerApplicationContext : Root WebApplicationContext: initialization completed in 4057 ms
2025-12-29T22:47:36.833+07:00  INFO 20956 --- [blood-donation-service] [main] com.zaxxer.hikari.HikariDataSource       : blood-donation-pool - Starting...
2025-12-29T22:47:37.489+07:00  INFO 20956 --- [blood-donation-service] [main] com.zaxxer.hikari.pool.HikariPool        : blood-donation-pool - Added connection com.mysql.cj.jdbc.ConnectionImpl@c96c497
2025-12-29T22:47:37.493+07:00  INFO 20956 --- [blood-donation-service] [main] com.zaxxer.hikari.HikariDataSource       : blood-donation-pool - Start completed.
2025-12-29T22:47:37.553+07:00  INFO 20956 --- [blood-donation-service] [main] org.flywaydb.core.FlywayExecutor         : Database: jdbc:mysql://localhost:3306/blood_donation_service_db?useUnicode=true&characterEncoding=UTF-8&useLegacyDatetimeCode=false&serverTimezone=UTC (MySQL 8.0)
2025-12-29T22:47:37.657+07:00  INFO 20956 --- [blood-donation-service] [main] o.f.core.internal.command.DbValidate     : Successfully validated 1 migration (execution time 00:00.057s)
2025-12-29T22:47:37.691+07:00  INFO 20956 --- [blood-donation-service] [main] o.f.core.internal.command.DbMigrate      : Current version of schema `blood_donation_service_db`: 1
2025-12-29T22:47:37.698+07:00  INFO 20956 --- [blood-donation-service] [main] o.f.core.internal.command.DbMigrate      : Schema `blood_donation_service_db` is up to date. No migration necessary.
2025-12-29T22:47:37.897+07:00  INFO 20956 --- [blood-donation-service] [main] o.hibernate.jpa.internal.util.LogHelper  : HHH000204: Processing PersistenceUnitInfo [name: default]
2025-12-29T22:47:38.009+07:00  INFO 20956 --- [blood-donation-service] [main] org.hibernate.Version                    : HHH000412: Hibernate ORM core version 6.6.36.Final
2025-12-29T22:47:38.068+07:00  INFO 20956 --- [blood-donation-service] [main] o.h.c.internal.RegionFactoryInitiator    : HHH000026: Second-level cache disabled
2025-12-29T22:47:38.621+07:00  INFO 20956 --- [blood-donation-service] [main] o.s.o.j.p.SpringPersistenceUnitInfo      : No LoadTimeWeaver setup: ignoring JPA class transformer
2025-12-29T22:47:38.810+07:00  INFO 20956 --- [blood-donation-service] [main] org.hibernate.orm.connections.pooling    : HHH10001005: Database info:
	Database JDBC URL [Connecting through datasource 'HikariDataSource (blood-donation-pool)']
	Database driver: undefined/unknown
	Database version: 8.0.36
	Autocommit mode: undefined/unknown
	Isolation level: undefined/unknown
	Minimum pool size: undefined/unknown
	Maximum pool size: undefined/unknown
2025-12-29T22:47:40.917+07:00  INFO 20956 --- [blood-donation-service] [main] o.h.e.t.j.p.i.JtaPlatformInitiator       : HHH000489: No JTA platform available (set 'hibernate.transaction.jta.platform' to enable JTA platform integration)
2025-12-29T22:47:41.149+07:00  INFO 20956 --- [blood-donation-service] [main] j.LocalContainerEntityManagerFactoryBean : Initialized JPA EntityManagerFactory for persistence unit 'default'
2025-12-29T22:47:47.074+07:00  INFO 20956 --- [blood-donation-service] [main] o.s.d.j.r.query.QueryEnhancerFactory     : Hibernate is in classpath; If applicable, HQL parser will be used.
2025-12-29T22:47:49.322+07:00  INFO 20956 --- [blood-donation-service] [main] o.s.b.a.e.web.EndpointLinksResolver      : Exposing 1 endpoint beneath base path '/actuator'
2025-12-29T22:47:49.370+07:00  INFO 20956 --- [blood-donation-service] [main] eAuthenticationProviderManagerConfigurer : Found 2 AuthenticationProvider beans, with names [jwtAuthenticationProvider, daoAuthenticationProvider]. Global Authentication Manager will not be configured with AuthenticationProviders. Consider publishing a single AuthenticationProvider bean, or wiring your Providers directly using the DSL.
2025-12-29T22:47:49.372+07:00  INFO 20956 --- [blood-donation-service] [main] r$InitializeUserDetailsManagerConfigurer : Global AuthenticationManager configured with UserDetailsService bean with name userDetailsServiceImpl
2025-12-29T22:47:50.336+07:00  INFO 20956 --- [blood-donation-service] [main] o.s.b.w.embedded.tomcat.TomcatWebServer  : Tomcat started on port 1760 (http) with context path '/'
2025-12-29T22:47:50.354+07:00  INFO 20956 --- [blood-donation-service] [main] c.i.b.BloodDonationServiceApplication    : Started BloodDonationServiceApplication in 19.288 seconds (process running for 22.104)
2025-12-29T22:48:02.286+07:00  INFO 20956 --- [blood-donation-service] [http-nio-1760-exec-1] o.a.c.c.C.[Tomcat].[localhost].[/]       : Initializing Spring DispatcherServlet 'dispatcherServlet'
2025-12-29T22:48:02.286+07:00  INFO 20956 --- [blood-donation-service] [http-nio-1760-exec-1] o.s.web.servlet.DispatcherServlet        : Initializing Servlet 'dispatcherServlet'
2025-12-29T22:48:02.288+07:00  INFO 20956 --- [blood-donation-service] [http-nio-1760-exec-1] o.s.web.servlet.DispatcherServlet        : Completed initialization in 2 ms
2025-12-29T22:48:03.018+07:00  INFO 20956 --- [blood-donation-service] [http-nio-1760-exec-1] c.i.b.d.b.a.a.AuthServiceFacade          : authenticated user: [ROLE_USER]
2025-12-29T22:48:03.019+07:00  INFO 20956 --- [blood-donation-service] [http-nio-1760-exec-1] c.i.b.d.b.a.a.AuthServiceFacade          : scope: ROLE_USER
2025-12-29T22:48:08.813+07:00  INFO 20956 --- [blood-donation-service] [http-nio-1760-exec-3] c.i.b.i.Config.Security.SecurityConfig   : JWT Subject (User ID): 968199999
2025-12-29T22:48:08.813+07:00  INFO 20956 --- [blood-donation-service] [http-nio-1760-exec-3] c.i.b.i.Config.Security.SecurityConfig   : JWT Scope: ROLE_USER
2025-12-29T22:48:38.501+07:00  INFO 20956 --- [blood-donation-service] [http-nio-1760-exec-5] c.i.b.i.Config.Security.SecurityConfig   : JWT Subject (User ID): 968199999
2025-12-29T22:48:38.502+07:00  INFO 20956 --- [blood-donation-service] [http-nio-1760-exec-5] c.i.b.i.Config.Security.SecurityConfig   : JWT Scope: ROLE_USER
2025-12-29T22:48:43.507+07:00  INFO 20956 --- [blood-donation-service] [http-nio-1760-exec-7] c.i.b.i.Config.Security.SecurityConfig   : JWT Subject (User ID): 968199999
2025-12-29T22:48:43.507+07:00  INFO 20956 --- [blood-donation-service] [http-nio-1760-exec-7] c.i.b.i.Config.Security.SecurityConfig   : JWT Scope: ROLE_USER
2025-12-29T22:48:58.693+07:00  INFO 20956 --- [blood-donation-service] [http-nio-1760-exec-9] c.i.b.i.Config.Security.SecurityConfig   : JWT Subject (User ID): 968199999
2025-12-29T22:48:58.693+07:00  INFO 20956 --- [blood-donation-service] [http-nio-1760-exec-9] c.i.b.i.Config.Security.SecurityConfig   : JWT Scope: ROLE_USER
2025-12-29T22:50:02.537+07:00  INFO 20956 --- [blood-donation-service] [SpringApplicationShutdownHook] o.s.b.w.e.tomcat.GracefulShutdown        : Commencing graceful shutdown. Waiting for active requests to complete
2025-12-29T22:50:02.546+07:00  INFO 20956 --- [blood-donation-service] [tomcat-shutdown] o.s.b.w.e.tomcat.GracefulShutdown        : Graceful shutdown complete
2025-12-29T22:50:02.571+07:00  INFO 20956 --- [blood-donation-service] [SpringApplicationShutdownHook] j.LocalContainerEntityManagerFactoryBean : Closing JPA EntityManagerFactory for persistence unit 'default'
2025-12-29T22:50:02.571+07:00  INFO 20956 --- [blood-donation-service] [SpringApplicationShutdownHook] com.zaxxer.hikari.HikariDataSource       : blood-donation-pool - Shutdown initiated...
2025-12-29T22:50:02.584+07:00  INFO 20956 --- [blood-donation-service] [SpringApplicationShutdownHook] com.zaxxer.hikari.HikariDataSource       : blood-donation-pool - Shutdown completed.
2025-12-29T22:50:04.929+07:00  INFO 14732 --- [blood-donation-service] [main] c.i.b.BloodDonationServiceApplication    : Starting BloodDonationServiceApplication using Java 21.0.9 with PID 14732 (D:\document\Springboot\blood-donation-service\target\classes started by CC_computer in D:\document\Springboot\blood-donation-service)
2025-12-29T22:50:04.931+07:00  INFO 14732 --- [blood-donation-service] [main] c.i.b.BloodDonationServiceApplication    : No active profile set, falling back to 1 default profile: "default"
2025-12-29T22:50:05.892+07:00  INFO 14732 --- [blood-donation-service] [main] .s.d.r.c.RepositoryConfigurationDelegate : Bootstrapping Spring Data JPA repositories in DEFAULT mode.
2025-12-29T22:50:06.079+07:00  INFO 14732 --- [blood-donation-service] [main] .s.d.r.c.RepositoryConfigurationDelegate : Finished Spring Data repository scanning in 175 ms. Found 10 JPA repository interfaces.
2025-12-29T22:50:06.638+07:00  INFO 14732 --- [blood-donation-service] [main] o.s.b.w.embedded.tomcat.TomcatWebServer  : Tomcat initialized with port 1760 (http)
2025-12-29T22:50:06.650+07:00  INFO 14732 --- [blood-donation-service] [main] o.apache.catalina.core.StandardService   : Starting service [Tomcat]
2025-12-29T22:50:06.650+07:00  INFO 14732 --- [blood-donation-service] [main] o.apache.catalina.core.StandardEngine    : Starting Servlet engine: [Apache Tomcat/10.1.49]
2025-12-29T22:50:06.697+07:00  INFO 14732 --- [blood-donation-service] [main] o.a.c.c.C.[Tomcat].[localhost].[/]       : Initializing Spring embedded WebApplicationContext
2025-12-29T22:50:06.705+07:00  INFO 14732 --- [blood-donation-service] [main] w.s.c.ServletWebServerApplicationContext : Root WebApplicationContext: initialization completed in 1742 ms
2025-12-29T22:50:07.018+07:00  INFO 14732 --- [blood-donation-service] [main] com.zaxxer.hikari.HikariDataSource       : blood-donation-pool - Starting...
2025-12-29T22:50:07.307+07:00  INFO 14732 --- [blood-donation-service] [main] com.zaxxer.hikari.pool.HikariPool        : blood-donation-pool - Added connection com.mysql.cj.jdbc.ConnectionImpl@1d535b78
2025-12-29T22:50:07.309+07:00  INFO 14732 --- [blood-donation-service] [main] com.zaxxer.hikari.HikariDataSource       : blood-donation-pool - Start completed.
2025-12-29T22:50:07.341+07:00  INFO 14732 --- [blood-donation-service] [main] org.flywaydb.core.FlywayExecutor         : Database: jdbc:mysql://localhost:3306/blood_donation_service_db?useUnicode=true&characterEncoding=UTF-8&useLegacyDatetimeCode=false&serverTimezone=UTC (MySQL 8.0)
2025-12-29T22:50:07.399+07:00  INFO 14732 --- [blood-donation-service] [main] o.f.core.internal.command.DbValidate     : Successfully validated 1 migration (execution time 00:00.031s)
2025-12-29T22:50:07.423+07:00  INFO 14732 --- [blood-donation-service] [main] o.f.core.internal.command.DbMigrate      : Current version of schema `blood_donation_service_db`: 1
2025-12-29T22:50:07.427+07:00  INFO 14732 --- [blood-donation-service] [main] o.f.core.internal.command.DbMigrate      : Schema `blood_donation_service_db` is up to date. No migration necessary.
2025-12-29T22:50:07.527+07:00  INFO 14732 --- [blood-donation-service] [main] o.hibernate.jpa.internal.util.LogHelper  : HHH000204: Processing PersistenceUnitInfo [name: default]
2025-12-29T22:50:07.587+07:00  INFO 14732 --- [blood-donation-service] [main] org.hibernate.Version                    : HHH000412: Hibernate ORM core version 6.6.36.Final
2025-12-29T22:50:07.621+07:00  INFO 14732 --- [blood-donation-service] [main] o.h.c.internal.RegionFactoryInitiator    : HHH000026: Second-level cache disabled
2025-12-29T22:50:07.880+07:00  INFO 14732 --- [blood-donation-service] [main] o.s.o.j.p.SpringPersistenceUnitInfo      : No LoadTimeWeaver setup: ignoring JPA class transformer
2025-12-29T22:50:07.960+07:00  INFO 14732 --- [blood-donation-service] [main] org.hibernate.orm.connections.pooling    : HHH10001005: Database info:
	Database JDBC URL [Connecting through datasource 'HikariDataSource (blood-donation-pool)']
	Database driver: undefined/unknown
	Database version: 8.0.36
	Autocommit mode: undefined/unknown
	Isolation level: undefined/unknown
	Minimum pool size: undefined/unknown
	Maximum pool size: undefined/unknown
2025-12-29T22:50:08.982+07:00  INFO 14732 --- [blood-donation-service] [main] o.h.e.t.j.p.i.JtaPlatformInitiator       : HHH000489: No JTA platform available (set 'hibernate.transaction.jta.platform' to enable JTA platform integration)
2025-12-29T22:50:09.147+07:00  INFO 14732 --- [blood-donation-service] [main] j.LocalContainerEntityManagerFactoryBean : Initialized JPA EntityManagerFactory for persistence unit 'default'
2025-12-29T22:50:24.654+07:00  INFO 14732 --- [blood-donation-service] [main] o.s.d.j.r.query.QueryEnhancerFactory     : Hibernate is in classpath; If applicable, HQL parser will be used.
2025-12-29T22:50:25.730+07:00  INFO 14732 --- [blood-donation-service] [main] o.s.b.a.e.web.EndpointLinksResolver      : Exposing 1 endpoint beneath base path '/actuator'
2025-12-29T22:50:25.758+07:00  INFO 14732 --- [blood-donation-service] [main] eAuthenticationProviderManagerConfigurer : Found 2 AuthenticationProvider beans, with names [jwtAuthenticationProvider, daoAuthenticationProvider]. Global Authentication Manager will not be configured with AuthenticationProviders. Consider publishing a single AuthenticationProvider bean, or wiring your Providers directly using the DSL.
2025-12-29T22:50:25.758+07:00  INFO 14732 --- [blood-donation-service] [main] r$InitializeUserDetailsManagerConfigurer : Global AuthenticationManager configured with UserDetailsService bean with name userDetailsServiceImpl
2025-12-29T22:50:26.228+07:00  INFO 14732 --- [blood-donation-service] [main] o.s.b.w.embedded.tomcat.TomcatWebServer  : Tomcat started on port 1760 (http) with context path '/'
2025-12-29T22:50:26.241+07:00  INFO 14732 --- [blood-donation-service] [main] c.i.b.BloodDonationServiceApplication    : Started BloodDonationServiceApplication in 21.77 seconds (process running for 22.79)
2025-12-29T22:50:26.699+07:00  INFO 14732 --- [blood-donation-service] [RMI TCP Connection(1)-192.168.1.4] o.a.c.c.C.[Tomcat].[localhost].[/]       : Initializing Spring DispatcherServlet 'dispatcherServlet'
2025-12-29T22:50:26.700+07:00  INFO 14732 --- [blood-donation-service] [RMI TCP Connection(1)-192.168.1.4] o.s.web.servlet.DispatcherServlet        : Initializing Servlet 'dispatcherServlet'
2025-12-29T22:50:26.703+07:00  INFO 14732 --- [blood-donation-service] [RMI TCP Connection(1)-192.168.1.4] o.s.web.servlet.DispatcherServlet        : Completed initialization in 3 ms
2025-12-29T22:50:33.804+07:00  INFO 14732 --- [blood-donation-service] [http-nio-1760-exec-2] c.i.b.d.b.a.a.AuthServiceFacade          : authenticated user: [ROLE_USER]
2025-12-29T22:50:33.805+07:00  INFO 14732 --- [blood-donation-service] [http-nio-1760-exec-2] c.i.b.d.b.a.a.AuthServiceFacade          : scope: ROLE_USER
2025-12-29T22:50:36.875+07:00  INFO 14732 --- [blood-donation-service] [http-nio-1760-exec-3] c.i.b.i.Config.Security.SecurityConfig   : JWT Subject (User ID): 968199999
2025-12-29T22:50:36.875+07:00  INFO 14732 --- [blood-donation-service] [http-nio-1760-exec-3] c.i.b.i.Config.Security.SecurityConfig   : JWT Scope: ROLE_USER
2025-12-29T22:50:38.070+07:00  INFO 14732 --- [blood-donation-service] [http-nio-1760-exec-8] c.i.b.i.Config.Security.SecurityConfig   : JWT Subject (User ID): 968199999
2025-12-29T22:50:38.071+07:00  INFO 14732 --- [blood-donation-service] [http-nio-1760-exec-8] c.i.b.i.Config.Security.SecurityConfig   : JWT Scope: ROLE_USER
2025-12-29T22:50:50.231+07:00  INFO 14732 --- [blood-donation-service] [http-nio-1760-exec-7] c.i.b.i.Config.Security.SecurityConfig   : JWT Subject (User ID): 968199999
2025-12-29T22:50:50.231+07:00  INFO 14732 --- [blood-donation-service] [http-nio-1760-exec-7] c.i.b.i.Config.Security.SecurityConfig   : JWT Scope: ROLE_USER
2025-12-29T22:51:14.280+07:00  INFO 14732 --- [blood-donation-service] [http-nio-1760-exec-9] c.i.b.i.Config.Security.SecurityConfig   : JWT Subject (User ID): 968199999
2025-12-29T22:51:14.281+07:00  INFO 14732 --- [blood-donation-service] [http-nio-1760-exec-9] c.i.b.i.Config.Security.SecurityConfig   : JWT Scope: ROLE_USER
2025-12-29T22:51:21.001+07:00  INFO 14732 --- [blood-donation-service] [http-nio-1760-exec-1] c.i.b.i.Config.Security.SecurityConfig   : JWT Subject (User ID): 968199999
2025-12-29T22:51:21.001+07:00  INFO 14732 --- [blood-donation-service] [http-nio-1760-exec-1] c.i.b.i.Config.Security.SecurityConfig   : JWT Scope: ROLE_USER
2025-12-29T22:52:27.008+07:00  INFO 14732 --- [blood-donation-service] [http-nio-1760-exec-3] c.i.b.i.Config.Security.SecurityConfig   : JWT Subject (User ID): 968199999
2025-12-29T22:52:27.009+07:00  INFO 14732 --- [blood-donation-service] [http-nio-1760-exec-3] c.i.b.i.Config.Security.SecurityConfig   : JWT Scope: ROLE_USER
2025-12-29T22:52:28.824+07:00  INFO 14732 --- [blood-donation-service] [http-nio-1760-exec-8] c.i.b.i.Config.Security.SecurityConfig   : JWT Subject (User ID): 968199999
2025-12-29T22:52:28.824+07:00  INFO 14732 --- [blood-donation-service] [http-nio-1760-exec-8] c.i.b.i.Config.Security.SecurityConfig   : JWT Scope: ROLE_USER
2025-12-29T22:52:34.174+07:00  INFO 14732 --- [blood-donation-service] [http-nio-1760-exec-7] c.i.b.i.Config.Security.SecurityConfig   : JWT Subject (User ID): 968199999
2025-12-29T22:52:34.176+07:00  INFO 14732 --- [blood-donation-service] [http-nio-1760-exec-7] c.i.b.i.Config.Security.SecurityConfig   : JWT Scope: ROLE_USER
2025-12-29T22:52:39.488+07:00  INFO 14732 --- [blood-donation-service] [SpringApplicationShutdownHook] o.s.b.w.e.tomcat.GracefulShutdown        : Commencing graceful shutdown. Waiting for active requests to complete
2025-12-29T22:52:39.498+07:00  INFO 14732 --- [blood-donation-service] [tomcat-shutdown] o.s.b.w.e.tomcat.GracefulShutdown        : Graceful shutdown complete
2025-12-29T22:52:39.523+07:00  INFO 14732 --- [blood-donation-service] [SpringApplicationShutdownHook] j.LocalContainerEntityManagerFactoryBean : Closing JPA EntityManagerFactory for persistence unit 'default'
2025-12-29T22:52:39.527+07:00  INFO 14732 --- [blood-donation-service] [SpringApplicationShutdownHook] com.zaxxer.hikari.HikariDataSource       : blood-donation-pool - Shutdown initiated...
2025-12-29T22:52:39.538+07:00  INFO 14732 --- [blood-donation-service] [SpringApplicationShutdownHook] com.zaxxer.hikari.HikariDataSource       : blood-donation-pool - Shutdown completed.
2025-12-29T22:52:43.120+07:00  INFO 23348 --- [blood-donation-service] [main] c.i.b.BloodDonationServiceApplication    : Starting BloodDonationServiceApplication using Java 21.0.9 with PID 23348 (D:\document\Springboot\blood-donation-service\target\classes started by CC_computer in D:\document\Springboot\blood-donation-service)
2025-12-29T22:52:43.122+07:00  INFO 23348 --- [blood-donation-service] [main] c.i.b.BloodDonationServiceApplication    : No active profile set, falling back to 1 default profile: "default"
2025-12-29T22:52:44.092+07:00  INFO 23348 --- [blood-donation-service] [main] .s.d.r.c.RepositoryConfigurationDelegate : Bootstrapping Spring Data JPA repositories in DEFAULT mode.
2025-12-29T22:52:44.278+07:00  INFO 23348 --- [blood-donation-service] [main] .s.d.r.c.RepositoryConfigurationDelegate : Finished Spring Data repository scanning in 177 ms. Found 10 JPA repository interfaces.
2025-12-29T22:52:44.912+07:00  INFO 23348 --- [blood-donation-service] [main] o.s.b.w.embedded.tomcat.TomcatWebServer  : Tomcat initialized with port 1760 (http)
2025-12-29T22:52:44.924+07:00  INFO 23348 --- [blood-donation-service] [main] o.apache.catalina.core.StandardService   : Starting service [Tomcat]
2025-12-29T22:52:44.925+07:00  INFO 23348 --- [blood-donation-service] [main] o.apache.catalina.core.StandardEngine    : Starting Servlet engine: [Apache Tomcat/10.1.49]
2025-12-29T22:52:44.985+07:00  INFO 23348 --- [blood-donation-service] [main] o.a.c.c.C.[Tomcat].[localhost].[/]       : Initializing Spring embedded WebApplicationContext
2025-12-29T22:52:44.986+07:00  INFO 23348 --- [blood-donation-service] [main] w.s.c.ServletWebServerApplicationContext : Root WebApplicationContext: initialization completed in 1831 ms
2025-12-29T22:52:45.362+07:00  INFO 23348 --- [blood-donation-service] [main] com.zaxxer.hikari.HikariDataSource       : blood-donation-pool - Starting...
2025-12-29T22:52:45.683+07:00  INFO 23348 --- [blood-donation-service] [main] com.zaxxer.hikari.pool.HikariPool        : blood-donation-pool - Added connection com.mysql.cj.jdbc.ConnectionImpl@44a485bc
2025-12-29T22:52:45.686+07:00  INFO 23348 --- [blood-donation-service] [main] com.zaxxer.hikari.HikariDataSource       : blood-donation-pool - Start completed.
2025-12-29T22:52:45.725+07:00  INFO 23348 --- [blood-donation-service] [main] org.flywaydb.core.FlywayExecutor         : Database: jdbc:mysql://localhost:3306/blood_donation_service_db?useUnicode=true&characterEncoding=UTF-8&useLegacyDatetimeCode=false&serverTimezone=UTC (MySQL 8.0)
2025-12-29T22:52:45.793+07:00  INFO 23348 --- [blood-donation-service] [main] o.f.core.internal.command.DbValidate     : Successfully validated 1 migration (execution time 00:00.035s)
2025-12-29T22:52:45.821+07:00  INFO 23348 --- [blood-donation-service] [main] o.f.core.internal.command.DbMigrate      : Current version of schema `blood_donation_service_db`: 1
2025-12-29T22:52:45.826+07:00  INFO 23348 --- [blood-donation-service] [main] o.f.core.internal.command.DbMigrate      : Schema `blood_donation_service_db` is up to date. No migration necessary.
2025-12-29T22:52:45.955+07:00  INFO 23348 --- [blood-donation-service] [main] o.hibernate.jpa.internal.util.LogHelper  : HHH000204: Processing PersistenceUnitInfo [name: default]
2025-12-29T22:52:46.015+07:00  INFO 23348 --- [blood-donation-service] [main] org.hibernate.Version                    : HHH000412: Hibernate ORM core version 6.6.36.Final
2025-12-29T22:52:46.056+07:00  INFO 23348 --- [blood-donation-service] [main] o.h.c.internal.RegionFactoryInitiator    : HHH000026: Second-level cache disabled
2025-12-29T22:52:46.346+07:00  INFO 23348 --- [blood-donation-service] [main] o.s.o.j.p.SpringPersistenceUnitInfo      : No LoadTimeWeaver setup: ignoring JPA class transformer
2025-12-29T22:52:46.433+07:00  INFO 23348 --- [blood-donation-service] [main] org.hibernate.orm.connections.pooling    : HHH10001005: Database info:
	Database JDBC URL [Connecting through datasource 'HikariDataSource (blood-donation-pool)']
	Database driver: undefined/unknown
	Database version: 8.0.36
	Autocommit mode: undefined/unknown
	Isolation level: undefined/unknown
	Minimum pool size: undefined/unknown
	Maximum pool size: undefined/unknown
2025-12-29T22:52:47.521+07:00  INFO 23348 --- [blood-donation-service] [main] o.h.e.t.j.p.i.JtaPlatformInitiator       : HHH000489: No JTA platform available (set 'hibernate.transaction.jta.platform' to enable JTA platform integration)
2025-12-29T22:52:47.676+07:00  INFO 23348 --- [blood-donation-service] [main] j.LocalContainerEntityManagerFactoryBean : Initialized JPA EntityManagerFactory for persistence unit 'default'
2025-12-29T22:52:59.308+07:00  INFO 23348 --- [blood-donation-service] [main] o.s.d.j.r.query.QueryEnhancerFactory     : Hibernate is in classpath; If applicable, HQL parser will be used.
2025-12-29T22:53:00.367+07:00  INFO 23348 --- [blood-donation-service] [main] o.s.b.a.e.web.EndpointLinksResolver      : Exposing 1 endpoint beneath base path '/actuator'
2025-12-29T22:53:00.389+07:00  INFO 23348 --- [blood-donation-service] [main] eAuthenticationProviderManagerConfigurer : Found 2 AuthenticationProvider beans, with names [jwtAuthenticationProvider, daoAuthenticationProvider]. Global Authentication Manager will not be configured with AuthenticationProviders. Consider publishing a single AuthenticationProvider bean, or wiring your Providers directly using the DSL.
2025-12-29T22:53:00.390+07:00  INFO 23348 --- [blood-donation-service] [main] r$InitializeUserDetailsManagerConfigurer : Global AuthenticationManager configured with UserDetailsService bean with name userDetailsServiceImpl
2025-12-29T22:53:00.881+07:00  INFO 23348 --- [blood-donation-service] [main] o.s.b.w.embedded.tomcat.TomcatWebServer  : Tomcat started on port 1760 (http) with context path '/'
2025-12-29T22:53:00.891+07:00  INFO 23348 --- [blood-donation-service] [main] c.i.b.BloodDonationServiceApplication    : Started BloodDonationServiceApplication in 18.211 seconds (process running for 18.967)
2025-12-29T22:53:01.293+07:00  INFO 23348 --- [blood-donation-service] [RMI TCP Connection(2)-192.168.1.4] o.a.c.c.C.[Tomcat].[localhost].[/]       : Initializing Spring DispatcherServlet 'dispatcherServlet'
2025-12-29T22:53:01.294+07:00  INFO 23348 --- [blood-donation-service] [RMI TCP Connection(2)-192.168.1.4] o.s.web.servlet.DispatcherServlet        : Initializing Servlet 'dispatcherServlet'
2025-12-29T22:53:01.296+07:00  INFO 23348 --- [blood-donation-service] [RMI TCP Connection(2)-192.168.1.4] o.s.web.servlet.DispatcherServlet        : Completed initialization in 2 ms
2025-12-29T22:53:53.777+07:00  INFO 23348 --- [blood-donation-service] [http-nio-1760-exec-1] c.i.b.d.b.a.a.AuthServiceFacade          : authenticated user: [ROLE_USER]
2025-12-29T22:53:53.778+07:00  INFO 23348 --- [blood-donation-service] [http-nio-1760-exec-1] c.i.b.d.b.a.a.AuthServiceFacade          : scope: ROLE_USER
2025-12-29T22:53:56.808+07:00  INFO 23348 --- [blood-donation-service] [http-nio-1760-exec-3] c.i.b.i.Config.Security.SecurityConfig   : JWT Subject (User ID): 968199999
2025-12-29T22:53:56.809+07:00  INFO 23348 --- [blood-donation-service] [http-nio-1760-exec-3] c.i.b.i.Config.Security.SecurityConfig   : JWT Scope: ROLE_USER
2025-12-29T22:54:34.791+07:00  INFO 23348 --- [blood-donation-service] [http-nio-1760-exec-5] c.i.b.i.Config.Security.SecurityConfig   : JWT Subject (User ID): 968199999
2025-12-29T22:54:34.791+07:00  INFO 23348 --- [blood-donation-service] [http-nio-1760-exec-5] c.i.b.i.Config.Security.SecurityConfig   : JWT Scope: ROLE_USER
2025-12-29T22:54:34.817+07:00  INFO 23348 --- [blood-donation-service] [http-nio-1760-exec-5] c.i.b.s.h.m.MetadataHandlerAspect        : ========== METADATA HANDLER START ==========
2025-12-29T22:54:34.818+07:00  INFO 23348 --- [blood-donation-service] [http-nio-1760-exec-5] c.i.b.s.h.m.MetadataHandlerAspect        : User ID: 2
2025-12-29T22:54:34.818+07:00  INFO 23348 --- [blood-donation-service] [http-nio-1760-exec-5] c.i.b.s.h.m.MetadataHandlerAspect        : Phone Number: 968199999
2025-12-29T22:54:34.818+07:00  INFO 23348 --- [blood-donation-service] [http-nio-1760-exec-5] c.i.b.s.h.m.MetadataHandlerAspect        : Role/Scope: ROLE_USER
2025-12-29T22:54:34.818+07:00  INFO 23348 --- [blood-donation-service] [http-nio-1760-exec-5] c.i.b.s.h.m.MetadataHandlerAspect        : ========== METADATA HANDLER END ==========
2025-12-29T22:56:17.768+07:00  INFO 23348 --- [blood-donation-service] [http-nio-1760-exec-7] c.i.b.i.Config.Security.SecurityConfig   : JWT Subject (User ID): 968199999
2025-12-29T22:56:17.768+07:00  INFO 23348 --- [blood-donation-service] [http-nio-1760-exec-7] c.i.b.i.Config.Security.SecurityConfig   : JWT Scope: ROLE_USER
2025-12-29T22:56:17.771+07:00  INFO 23348 --- [blood-donation-service] [http-nio-1760-exec-7] c.i.b.s.h.m.MetadataHandlerAspect        : ========== METADATA HANDLER START ==========
2025-12-29T22:56:17.771+07:00  INFO 23348 --- [blood-donation-service] [http-nio-1760-exec-7] c.i.b.s.h.m.MetadataHandlerAspect        : User ID: 2
2025-12-29T22:56:17.771+07:00  INFO 23348 --- [blood-donation-service] [http-nio-1760-exec-7] c.i.b.s.h.m.MetadataHandlerAspect        : Phone Number: 968199999
2025-12-29T22:56:17.771+07:00  INFO 23348 --- [blood-donation-service] [http-nio-1760-exec-7] c.i.b.s.h.m.MetadataHandlerAspect        : Role/Scope: ROLE_USER
2025-12-29T22:56:17.772+07:00  INFO 23348 --- [blood-donation-service] [http-nio-1760-exec-7] c.i.b.s.h.m.MetadataHandlerAspect        : ========== METADATA HANDLER END ==========
2025-12-29T23:00:48.989+07:00  INFO 23348 --- [blood-donation-service] [SpringApplicationShutdownHook] o.s.b.w.e.tomcat.GracefulShutdown        : Commencing graceful shutdown. Waiting for active requests to complete
2025-12-29T23:00:48.998+07:00  INFO 23348 --- [blood-donation-service] [tomcat-shutdown] o.s.b.w.e.tomcat.GracefulShutdown        : Graceful shutdown complete
2025-12-29T23:00:49.024+07:00  INFO 23348 --- [blood-donation-service] [SpringApplicationShutdownHook] j.LocalContainerEntityManagerFactoryBean : Closing JPA EntityManagerFactory for persistence unit 'default'
2025-12-29T23:00:49.027+07:00  INFO 23348 --- [blood-donation-service] [SpringApplicationShutdownHook] com.zaxxer.hikari.HikariDataSource       : blood-donation-pool - Shutdown initiated...
2025-12-29T23:00:49.040+07:00  INFO 23348 --- [blood-donation-service] [SpringApplicationShutdownHook] com.zaxxer.hikari.HikariDataSource       : blood-donation-pool - Shutdown completed.
2025-12-29T23:00:53.264+07:00  INFO 22488 --- [blood-donation-service] [main] c.i.b.BloodDonationServiceApplication    : Starting BloodDonationServiceApplication using Java 21.0.9 with PID 22488 (D:\document\Springboot\blood-donation-service\target\classes started by CC_computer in D:\document\Springboot\blood-donation-service)
2025-12-29T23:00:53.267+07:00  INFO 22488 --- [blood-donation-service] [main] c.i.b.BloodDonationServiceApplication    : No active profile set, falling back to 1 default profile: "default"
2025-12-29T23:00:54.218+07:00  INFO 22488 --- [blood-donation-service] [main] .s.d.r.c.RepositoryConfigurationDelegate : Bootstrapping Spring Data JPA repositories in DEFAULT mode.
2025-12-29T23:00:54.393+07:00  INFO 22488 --- [blood-donation-service] [main] .s.d.r.c.RepositoryConfigurationDelegate : Finished Spring Data repository scanning in 167 ms. Found 10 JPA repository interfaces.
2025-12-29T23:00:54.964+07:00  INFO 22488 --- [blood-donation-service] [main] o.s.b.w.embedded.tomcat.TomcatWebServer  : Tomcat initialized with port 1760 (http)
2025-12-29T23:00:54.976+07:00  INFO 22488 --- [blood-donation-service] [main] o.apache.catalina.core.StandardService   : Starting service [Tomcat]
2025-12-29T23:00:54.976+07:00  INFO 22488 --- [blood-donation-service] [main] o.apache.catalina.core.StandardEngine    : Starting Servlet engine: [Apache Tomcat/10.1.49]
2025-12-29T23:00:55.030+07:00  INFO 22488 --- [blood-donation-service] [main] o.a.c.c.C.[Tomcat].[localhost].[/]       : Initializing Spring embedded WebApplicationContext
2025-12-29T23:00:55.030+07:00  INFO 22488 --- [blood-donation-service] [main] w.s.c.ServletWebServerApplicationContext : Root WebApplicationContext: initialization completed in 1731 ms
2025-12-29T23:00:55.348+07:00  INFO 22488 --- [blood-donation-service] [main] com.zaxxer.hikari.HikariDataSource       : blood-donation-pool - Starting...
2025-12-29T23:00:55.634+07:00  INFO 22488 --- [blood-donation-service] [main] com.zaxxer.hikari.pool.HikariPool        : blood-donation-pool - Added connection com.mysql.cj.jdbc.ConnectionImpl@44a485bc
2025-12-29T23:00:55.636+07:00  INFO 22488 --- [blood-donation-service] [main] com.zaxxer.hikari.HikariDataSource       : blood-donation-pool - Start completed.
2025-12-29T23:00:55.672+07:00  INFO 22488 --- [blood-donation-service] [main] org.flywaydb.core.FlywayExecutor         : Database: jdbc:mysql://localhost:3306/blood_donation_service_db?useUnicode=true&characterEncoding=UTF-8&useLegacyDatetimeCode=false&serverTimezone=UTC (MySQL 8.0)
2025-12-29T23:00:55.730+07:00  INFO 22488 --- [blood-donation-service] [main] o.f.core.internal.command.DbValidate     : Successfully validated 1 migration (execution time 00:00.029s)
2025-12-29T23:00:55.757+07:00  INFO 22488 --- [blood-donation-service] [main] o.f.core.internal.command.DbMigrate      : Current version of schema `blood_donation_service_db`: 1
2025-12-29T23:00:55.761+07:00  INFO 22488 --- [blood-donation-service] [main] o.f.core.internal.command.DbMigrate      : Schema `blood_donation_service_db` is up to date. No migration necessary.
2025-12-29T23:00:55.872+07:00  INFO 22488 --- [blood-donation-service] [main] o.hibernate.jpa.internal.util.LogHelper  : HHH000204: Processing PersistenceUnitInfo [name: default]
2025-12-29T23:00:55.931+07:00  INFO 22488 --- [blood-donation-service] [main] org.hibernate.Version                    : HHH000412: Hibernate ORM core version 6.6.36.Final
2025-12-29T23:00:55.964+07:00  INFO 22488 --- [blood-donation-service] [main] o.h.c.internal.RegionFactoryInitiator    : HHH000026: Second-level cache disabled
2025-12-29T23:00:56.214+07:00  INFO 22488 --- [blood-donation-service] [main] o.s.o.j.p.SpringPersistenceUnitInfo      : No LoadTimeWeaver setup: ignoring JPA class transformer
2025-12-29T23:00:56.299+07:00  INFO 22488 --- [blood-donation-service] [main] org.hibernate.orm.connections.pooling    : HHH10001005: Database info:
	Database JDBC URL [Connecting through datasource 'HikariDataSource (blood-donation-pool)']
	Database driver: undefined/unknown
	Database version: 8.0.36
	Autocommit mode: undefined/unknown
	Isolation level: undefined/unknown
	Minimum pool size: undefined/unknown
	Maximum pool size: undefined/unknown
2025-12-29T23:00:57.328+07:00  INFO 22488 --- [blood-donation-service] [main] o.h.e.t.j.p.i.JtaPlatformInitiator       : HHH000489: No JTA platform available (set 'hibernate.transaction.jta.platform' to enable JTA platform integration)
2025-12-29T23:00:57.493+07:00  INFO 22488 --- [blood-donation-service] [main] j.LocalContainerEntityManagerFactoryBean : Initialized JPA EntityManagerFactory for persistence unit 'default'
2025-12-29T23:01:15.797+07:00  INFO 22488 --- [blood-donation-service] [main] o.s.d.j.r.query.QueryEnhancerFactory     : Hibernate is in classpath; If applicable, HQL parser will be used.
2025-12-29T23:01:16.889+07:00  INFO 22488 --- [blood-donation-service] [main] o.s.b.a.e.web.EndpointLinksResolver      : Exposing 1 endpoint beneath base path '/actuator'
2025-12-29T23:01:16.914+07:00  INFO 22488 --- [blood-donation-service] [main] eAuthenticationProviderManagerConfigurer : Found 2 AuthenticationProvider beans, with names [jwtAuthenticationProvider, daoAuthenticationProvider]. Global Authentication Manager will not be configured with AuthenticationProviders. Consider publishing a single AuthenticationProvider bean, or wiring your Providers directly using the DSL.
2025-12-29T23:01:16.916+07:00  INFO 22488 --- [blood-donation-service] [main] r$InitializeUserDetailsManagerConfigurer : Global AuthenticationManager configured with UserDetailsService bean with name userDetailsServiceImpl
2025-12-29T23:01:17.365+07:00  INFO 22488 --- [blood-donation-service] [main] o.s.b.w.embedded.tomcat.TomcatWebServer  : Tomcat started on port 1760 (http) with context path '/'
2025-12-29T23:01:17.375+07:00  INFO 22488 --- [blood-donation-service] [main] c.i.b.BloodDonationServiceApplication    : Started BloodDonationServiceApplication in 24.555 seconds (process running for 25.326)
2025-12-29T23:01:17.462+07:00  INFO 22488 --- [blood-donation-service] [RMI TCP Connection(1)-192.168.1.4] o.a.c.c.C.[Tomcat].[localhost].[/]       : Initializing Spring DispatcherServlet 'dispatcherServlet'
2025-12-29T23:01:17.462+07:00  INFO 22488 --- [blood-donation-service] [RMI TCP Connection(1)-192.168.1.4] o.s.web.servlet.DispatcherServlet        : Initializing Servlet 'dispatcherServlet'
2025-12-29T23:01:17.466+07:00  INFO 22488 --- [blood-donation-service] [RMI TCP Connection(1)-192.168.1.4] o.s.web.servlet.DispatcherServlet        : Completed initialization in 3 ms
2025-12-29T23:02:11.961+07:00  INFO 22488 --- [blood-donation-service] [http-nio-1760-exec-6] c.i.b.d.b.a.a.AuthServiceFacade          : authenticated user: [ROLE_USER]
2025-12-29T23:02:11.962+07:00  INFO 22488 --- [blood-donation-service] [http-nio-1760-exec-6] c.i.b.d.b.a.a.AuthServiceFacade          : scope: ROLE_USER
2025-12-29T23:02:15.567+07:00  INFO 22488 --- [blood-donation-service] [http-nio-1760-exec-4] c.i.b.i.Config.Security.SecurityConfig   : JWT Subject (User ID): 968199999
2025-12-29T23:02:15.568+07:00  INFO 22488 --- [blood-donation-service] [http-nio-1760-exec-4] c.i.b.i.Config.Security.SecurityConfig   : JWT Scope: ROLE_USER
2025-12-29T23:02:15.599+07:00  INFO 22488 --- [blood-donation-service] [http-nio-1760-exec-4] c.i.b.s.h.m.MetadataHandlerAspect        : ========== METADATA HANDLER START ==========
2025-12-29T23:02:15.599+07:00  INFO 22488 --- [blood-donation-service] [http-nio-1760-exec-4] c.i.b.s.h.m.MetadataHandlerAspect        : User ID: 2
2025-12-29T23:02:15.599+07:00  INFO 22488 --- [blood-donation-service] [http-nio-1760-exec-4] c.i.b.s.h.m.MetadataHandlerAspect        : Phone Number: 968199999
2025-12-29T23:02:15.600+07:00  INFO 22488 --- [blood-donation-service] [http-nio-1760-exec-4] c.i.b.s.h.m.MetadataHandlerAspect        : Role/Scope: ROLE_USER
2025-12-29T23:02:15.600+07:00  INFO 22488 --- [blood-donation-service] [http-nio-1760-exec-4] c.i.b.s.h.m.MetadataHandlerAspect        : ========== METADATA HANDLER END ==========
2025-12-29T23:25:20.358+07:00  INFO 22488 --- [blood-donation-service] [SpringApplicationShutdownHook] o.s.b.w.e.tomcat.GracefulShutdown        : Commencing graceful shutdown. Waiting for active requests to complete
2025-12-29T23:25:20.368+07:00  INFO 22488 --- [blood-donation-service] [tomcat-shutdown] o.s.b.w.e.tomcat.GracefulShutdown        : Graceful shutdown complete
2025-12-29T23:25:20.392+07:00  INFO 22488 --- [blood-donation-service] [SpringApplicationShutdownHook] j.LocalContainerEntityManagerFactoryBean : Closing JPA EntityManagerFactory for persistence unit 'default'
2025-12-29T23:25:20.397+07:00  INFO 22488 --- [blood-donation-service] [SpringApplicationShutdownHook] com.zaxxer.hikari.HikariDataSource       : blood-donation-pool - Shutdown initiated...
2025-12-29T23:25:20.403+07:00  INFO 22488 --- [blood-donation-service] [SpringApplicationShutdownHook] com.zaxxer.hikari.HikariDataSource       : blood-donation-pool - Shutdown completed.
2025-12-29T23:25:24.950+07:00  INFO 21632 --- [blood-donation-service] [main] c.i.b.BloodDonationServiceApplication    : Starting BloodDonationServiceApplication using Java 21.0.9 with PID 21632 (D:\document\Springboot\blood-donation-service\target\classes started by CC_computer in D:\document\Springboot\blood-donation-service)
2025-12-29T23:25:24.953+07:00  INFO 21632 --- [blood-donation-service] [main] c.i.b.BloodDonationServiceApplication    : No active profile set, falling back to 1 default profile: "default"
2025-12-29T23:25:25.931+07:00  INFO 21632 --- [blood-donation-service] [main] .s.d.r.c.RepositoryConfigurationDelegate : Bootstrapping Spring Data JPA repositories in DEFAULT mode.
2025-12-29T23:25:26.110+07:00  INFO 21632 --- [blood-donation-service] [main] .s.d.r.c.RepositoryConfigurationDelegate : Finished Spring Data repository scanning in 169 ms. Found 10 JPA repository interfaces.
2025-12-29T23:25:26.689+07:00  INFO 21632 --- [blood-donation-service] [main] o.s.b.w.embedded.tomcat.TomcatWebServer  : Tomcat initialized with port 1760 (http)
2025-12-29T23:25:26.701+07:00  INFO 21632 --- [blood-donation-service] [main] o.apache.catalina.core.StandardService   : Starting service [Tomcat]
2025-12-29T23:25:26.701+07:00  INFO 21632 --- [blood-donation-service] [main] o.apache.catalina.core.StandardEngine    : Starting Servlet engine: [Apache Tomcat/10.1.49]
2025-12-29T23:25:26.757+07:00  INFO 21632 --- [blood-donation-service] [main] o.a.c.c.C.[Tomcat].[localhost].[/]       : Initializing Spring embedded WebApplicationContext
2025-12-29T23:25:26.757+07:00  INFO 21632 --- [blood-donation-service] [main] w.s.c.ServletWebServerApplicationContext : Root WebApplicationContext: initialization completed in 1770 ms
2025-12-29T23:25:27.085+07:00  INFO 21632 --- [blood-donation-service] [main] com.zaxxer.hikari.HikariDataSource       : blood-donation-pool - Starting...
2025-12-29T23:25:27.370+07:00  INFO 21632 --- [blood-donation-service] [main] com.zaxxer.hikari.pool.HikariPool        : blood-donation-pool - Added connection com.mysql.cj.jdbc.ConnectionImpl@44a485bc
2025-12-29T23:25:27.372+07:00  INFO 21632 --- [blood-donation-service] [main] com.zaxxer.hikari.HikariDataSource       : blood-donation-pool - Start completed.
2025-12-29T23:25:27.405+07:00  INFO 21632 --- [blood-donation-service] [main] org.flywaydb.core.FlywayExecutor         : Database: jdbc:mysql://localhost:3306/blood_donation_service_db?useUnicode=true&characterEncoding=UTF-8&useLegacyDatetimeCode=false&serverTimezone=UTC (MySQL 8.0)
2025-12-29T23:25:27.462+07:00  INFO 21632 --- [blood-donation-service] [main] o.f.core.internal.command.DbValidate     : Successfully validated 1 migration (execution time 00:00.029s)
2025-12-29T23:25:27.486+07:00  INFO 21632 --- [blood-donation-service] [main] o.f.core.internal.command.DbMigrate      : Current version of schema `blood_donation_service_db`: 1
2025-12-29T23:25:27.490+07:00  INFO 21632 --- [blood-donation-service] [main] o.f.core.internal.command.DbMigrate      : Schema `blood_donation_service_db` is up to date. No migration necessary.
2025-12-29T23:25:27.600+07:00  INFO 21632 --- [blood-donation-service] [main] o.hibernate.jpa.internal.util.LogHelper  : HHH000204: Processing PersistenceUnitInfo [name: default]
2025-12-29T23:25:27.659+07:00  INFO 21632 --- [blood-donation-service] [main] org.hibernate.Version                    : HHH000412: Hibernate ORM core version 6.6.36.Final
2025-12-29T23:25:27.693+07:00  INFO 21632 --- [blood-donation-service] [main] o.h.c.internal.RegionFactoryInitiator    : HHH000026: Second-level cache disabled
2025-12-29T23:25:27.965+07:00  INFO 21632 --- [blood-donation-service] [main] o.s.o.j.p.SpringPersistenceUnitInfo      : No LoadTimeWeaver setup: ignoring JPA class transformer
2025-12-29T23:25:28.039+07:00  INFO 21632 --- [blood-donation-service] [main] org.hibernate.orm.connections.pooling    : HHH10001005: Database info:
	Database JDBC URL [Connecting through datasource 'HikariDataSource (blood-donation-pool)']
	Database driver: undefined/unknown
	Database version: 8.0.36
	Autocommit mode: undefined/unknown
	Isolation level: undefined/unknown
	Minimum pool size: undefined/unknown
	Maximum pool size: undefined/unknown
2025-12-29T23:25:29.092+07:00  INFO 21632 --- [blood-donation-service] [main] o.h.e.t.j.p.i.JtaPlatformInitiator       : HHH000489: No JTA platform available (set 'hibernate.transaction.jta.platform' to enable JTA platform integration)
2025-12-29T23:25:29.249+07:00  INFO 21632 --- [blood-donation-service] [main] j.LocalContainerEntityManagerFactoryBean : Initialized JPA EntityManagerFactory for persistence unit 'default'
2025-12-29T23:25:35.164+07:00  INFO 21632 --- [blood-donation-service] [main] o.s.d.j.r.query.QueryEnhancerFactory     : Hibernate is in classpath; If applicable, HQL parser will be used.
2025-12-29T23:25:36.237+07:00  INFO 21632 --- [blood-donation-service] [main] o.s.b.a.e.web.EndpointLinksResolver      : Exposing 1 endpoint beneath base path '/actuator'
2025-12-29T23:25:36.262+07:00  INFO 21632 --- [blood-donation-service] [main] eAuthenticationProviderManagerConfigurer : Found 2 AuthenticationProvider beans, with names [jwtAuthenticationProvider, daoAuthenticationProvider]. Global Authentication Manager will not be configured with AuthenticationProviders. Consider publishing a single AuthenticationProvider bean, or wiring your Providers directly using the DSL.
2025-12-29T23:25:36.264+07:00  INFO 21632 --- [blood-donation-service] [main] r$InitializeUserDetailsManagerConfigurer : Global AuthenticationManager configured with UserDetailsService bean with name userDetailsServiceImpl
2025-12-29T23:25:36.710+07:00  INFO 21632 --- [blood-donation-service] [main] o.s.b.w.embedded.tomcat.TomcatWebServer  : Tomcat started on port 1760 (http) with context path '/'
2025-12-29T23:25:36.722+07:00  INFO 21632 --- [blood-donation-service] [main] c.i.b.BloodDonationServiceApplication    : Started BloodDonationServiceApplication in 12.235 seconds (process running for 13.101)
2025-12-29T23:25:37.015+07:00  INFO 21632 --- [blood-donation-service] [RMI TCP Connection(4)-192.168.1.4] o.a.c.c.C.[Tomcat].[localhost].[/]       : Initializing Spring DispatcherServlet 'dispatcherServlet'
2025-12-29T23:25:37.015+07:00  INFO 21632 --- [blood-donation-service] [RMI TCP Connection(4)-192.168.1.4] o.s.web.servlet.DispatcherServlet        : Initializing Servlet 'dispatcherServlet'
2025-12-29T23:25:37.018+07:00  INFO 21632 --- [blood-donation-service] [RMI TCP Connection(4)-192.168.1.4] o.s.web.servlet.DispatcherServlet        : Completed initialization in 1 ms
2025-12-29T23:26:17.452+07:00  INFO 21632 --- [blood-donation-service] [http-nio-1760-exec-2] c.i.b.d.b.a.a.AuthServiceFacade          : authenticated user: [ROLE_USER]
2025-12-29T23:26:17.452+07:00  INFO 21632 --- [blood-donation-service] [http-nio-1760-exec-2] c.i.b.d.b.a.a.AuthServiceFacade          : scope: ROLE_USER
2025-12-29T23:26:20.804+07:00  INFO 21632 --- [blood-donation-service] [http-nio-1760-exec-3] c.i.b.i.Config.Security.SecurityConfig   : JWT Subject (User ID): 968199999
2025-12-29T23:26:20.804+07:00  INFO 21632 --- [blood-donation-service] [http-nio-1760-exec-3] c.i.b.i.Config.Security.SecurityConfig   : JWT Scope: ROLE_USER
2025-12-29T23:26:20.833+07:00  INFO 21632 --- [blood-donation-service] [http-nio-1760-exec-3] c.i.b.s.h.m.MetadataHandlerAspect        : ========== METADATA HANDLER START ==========
2025-12-29T23:26:20.834+07:00  INFO 21632 --- [blood-donation-service] [http-nio-1760-exec-3] c.i.b.s.h.m.MetadataHandlerAspect        : User ID: 2
2025-12-29T23:26:20.834+07:00  INFO 21632 --- [blood-donation-service] [http-nio-1760-exec-3] c.i.b.s.h.m.MetadataHandlerAspect        : Phone Number: 968199999
2025-12-29T23:26:20.834+07:00  INFO 21632 --- [blood-donation-service] [http-nio-1760-exec-3] c.i.b.s.h.m.MetadataHandlerAspect        : Role/Scope: ROLE_USER
2025-12-29T23:26:20.834+07:00  INFO 21632 --- [blood-donation-service] [http-nio-1760-exec-3] c.i.b.s.h.m.MetadataHandlerAspect        : ========== METADATA HANDLER END ==========
2025-12-29T23:26:27.259+07:00  INFO 21632 --- [blood-donation-service] [http-nio-1760-exec-4] c.i.b.i.Config.Security.SecurityConfig   : JWT Subject (User ID): 968199999
2025-12-29T23:26:27.259+07:00  INFO 21632 --- [blood-donation-service] [http-nio-1760-exec-4] c.i.b.i.Config.Security.SecurityConfig   : JWT Scope: ROLE_USER
2025-12-29T23:26:27.262+07:00  INFO 21632 --- [blood-donation-service] [http-nio-1760-exec-4] c.i.b.s.h.m.MetadataHandlerAspect        : ========== METADATA HANDLER START ==========
2025-12-29T23:26:27.263+07:00  INFO 21632 --- [blood-donation-service] [http-nio-1760-exec-4] c.i.b.s.h.m.MetadataHandlerAspect        : User ID: 2
2025-12-29T23:26:27.263+07:00  INFO 21632 --- [blood-donation-service] [http-nio-1760-exec-4] c.i.b.s.h.m.MetadataHandlerAspect        : Phone Number: 968199999
2025-12-29T23:26:27.264+07:00  INFO 21632 --- [blood-donation-service] [http-nio-1760-exec-4] c.i.b.s.h.m.MetadataHandlerAspect        : Role/Scope: ROLE_USER
2025-12-29T23:26:27.264+07:00  INFO 21632 --- [blood-donation-service] [http-nio-1760-exec-4] c.i.b.s.h.m.MetadataHandlerAspect        : ========== METADATA HANDLER END ==========
2025-12-29T23:26:32.997+07:00  INFO 21632 --- [blood-donation-service] [http-nio-1760-exec-5] c.i.b.i.Config.Security.SecurityConfig   : JWT Subject (User ID): 968199999
2025-12-29T23:26:32.997+07:00  INFO 21632 --- [blood-donation-service] [http-nio-1760-exec-5] c.i.b.i.Config.Security.SecurityConfig   : JWT Scope: ROLE_USER
2025-12-29T23:26:33.000+07:00  INFO 21632 --- [blood-donation-service] [http-nio-1760-exec-5] c.i.b.s.h.m.MetadataHandlerAspect        : ========== METADATA HANDLER START ==========
2025-12-29T23:26:33.001+07:00  INFO 21632 --- [blood-donation-service] [http-nio-1760-exec-5] c.i.b.s.h.m.MetadataHandlerAspect        : User ID: 2
2025-12-29T23:26:33.001+07:00  INFO 21632 --- [blood-donation-service] [http-nio-1760-exec-5] c.i.b.s.h.m.MetadataHandlerAspect        : Phone Number: 968199999
2025-12-29T23:26:33.001+07:00  INFO 21632 --- [blood-donation-service] [http-nio-1760-exec-5] c.i.b.s.h.m.MetadataHandlerAspect        : Role/Scope: ROLE_USER
2025-12-29T23:26:33.001+07:00  INFO 21632 --- [blood-donation-service] [http-nio-1760-exec-5] c.i.b.s.h.m.MetadataHandlerAspect        : ========== METADATA HANDLER END ==========
2025-12-29T23:26:59.300+07:00  INFO 21632 --- [blood-donation-service] [http-nio-1760-exec-6] c.i.b.i.Config.Security.SecurityConfig   : JWT Subject (User ID): 968199999
2025-12-29T23:26:59.301+07:00  INFO 21632 --- [blood-donation-service] [http-nio-1760-exec-6] c.i.b.i.Config.Security.SecurityConfig   : JWT Scope: ROLE_USER
2025-12-29T23:26:59.303+07:00  INFO 21632 --- [blood-donation-service] [http-nio-1760-exec-6] c.i.b.s.h.m.MetadataHandlerAspect        : ========== METADATA HANDLER START ==========
2025-12-29T23:26:59.303+07:00  INFO 21632 --- [blood-donation-service] [http-nio-1760-exec-6] c.i.b.s.h.m.MetadataHandlerAspect        : User ID: 2
2025-12-29T23:26:59.304+07:00  INFO 21632 --- [blood-donation-service] [http-nio-1760-exec-6] c.i.b.s.h.m.MetadataHandlerAspect        : Phone Number: 968199999
2025-12-29T23:26:59.304+07:00  INFO 21632 --- [blood-donation-service] [http-nio-1760-exec-6] c.i.b.s.h.m.MetadataHandlerAspect        : Role/Scope: ROLE_USER
2025-12-29T23:26:59.304+07:00  INFO 21632 --- [blood-donation-service] [http-nio-1760-exec-6] c.i.b.s.h.m.MetadataHandlerAspect        : ========== METADATA HANDLER END ==========
2025-12-29T23:28:32.998+07:00  INFO 21632 --- [blood-donation-service] [http-nio-1760-exec-7] c.i.b.i.Config.Security.SecurityConfig   : JWT Subject (User ID): 968199999
2025-12-29T23:28:32.999+07:00  INFO 21632 --- [blood-donation-service] [http-nio-1760-exec-7] c.i.b.i.Config.Security.SecurityConfig   : JWT Scope: ROLE_USER
2025-12-29T23:28:33.003+07:00  INFO 21632 --- [blood-donation-service] [http-nio-1760-exec-7] c.i.b.s.h.m.MetadataHandlerAspect        : ========== METADATA HANDLER START ==========
2025-12-29T23:28:33.003+07:00  INFO 21632 --- [blood-donation-service] [http-nio-1760-exec-7] c.i.b.s.h.m.MetadataHandlerAspect        : User ID: 2
2025-12-29T23:28:33.003+07:00  INFO 21632 --- [blood-donation-service] [http-nio-1760-exec-7] c.i.b.s.h.m.MetadataHandlerAspect        : Phone Number: 968199999
2025-12-29T23:28:33.003+07:00  INFO 21632 --- [blood-donation-service] [http-nio-1760-exec-7] c.i.b.s.h.m.MetadataHandlerAspect        : Role/Scope: ROLE_USER
2025-12-29T23:28:33.003+07:00  INFO 21632 --- [blood-donation-service] [http-nio-1760-exec-7] c.i.b.s.h.m.MetadataHandlerAspect        : ========== METADATA HANDLER END ==========
2025-12-29T23:28:36.814+07:00  INFO 21632 --- [blood-donation-service] [http-nio-1760-exec-10] c.i.b.i.Config.Security.SecurityConfig   : JWT Subject (User ID): 968199999
2025-12-29T23:28:36.814+07:00  INFO 21632 --- [blood-donation-service] [http-nio-1760-exec-10] c.i.b.i.Config.Security.SecurityConfig   : JWT Scope: ROLE_USER
2025-12-29T23:28:36.816+07:00  INFO 21632 --- [blood-donation-service] [http-nio-1760-exec-10] c.i.b.s.h.m.MetadataHandlerAspect        : ========== METADATA HANDLER START ==========
2025-12-29T23:28:36.816+07:00  INFO 21632 --- [blood-donation-service] [http-nio-1760-exec-10] c.i.b.s.h.m.MetadataHandlerAspect        : User ID: 2
2025-12-29T23:28:36.816+07:00  INFO 21632 --- [blood-donation-service] [http-nio-1760-exec-10] c.i.b.s.h.m.MetadataHandlerAspect        : Phone Number: 968199999
2025-12-29T23:28:36.817+07:00  INFO 21632 --- [blood-donation-service] [http-nio-1760-exec-10] c.i.b.s.h.m.MetadataHandlerAspect        : Role/Scope: ROLE_USER
2025-12-29T23:28:36.817+07:00  INFO 21632 --- [blood-donation-service] [http-nio-1760-exec-10] c.i.b.s.h.m.MetadataHandlerAspect        : ========== METADATA HANDLER END ==========
2025-12-29T23:30:40.533+07:00  INFO 21632 --- [blood-donation-service] [SpringApplicationShutdownHook] o.s.b.w.e.tomcat.GracefulShutdown        : Commencing graceful shutdown. Waiting for active requests to complete
2025-12-29T23:30:40.544+07:00  INFO 21632 --- [blood-donation-service] [tomcat-shutdown] o.s.b.w.e.tomcat.GracefulShutdown        : Graceful shutdown complete
2025-12-29T23:30:40.571+07:00  INFO 21632 --- [blood-donation-service] [SpringApplicationShutdownHook] j.LocalContainerEntityManagerFactoryBean : Closing JPA EntityManagerFactory for persistence unit 'default'
2025-12-29T23:30:40.571+07:00  INFO 21632 --- [blood-donation-service] [SpringApplicationShutdownHook] com.zaxxer.hikari.HikariDataSource       : blood-donation-pool - Shutdown initiated...
2025-12-29T23:30:40.587+07:00  INFO 21632 --- [blood-donation-service] [SpringApplicationShutdownHook] com.zaxxer.hikari.HikariDataSource       : blood-donation-pool - Shutdown completed.
2025-12-29T23:30:52.391+07:00  INFO 10792 --- [blood-donation-service] [main] c.i.b.BloodDonationServiceApplication    : Starting BloodDonationServiceApplication using Java 21.0.9 with PID 10792 (D:\document\Springboot\blood-donation-service\target\classes started by CC_computer in D:\document\Springboot\blood-donation-service)
2025-12-29T23:30:52.393+07:00  INFO 10792 --- [blood-donation-service] [main] c.i.b.BloodDonationServiceApplication    : No active profile set, falling back to 1 default profile: "default"
2025-12-29T23:30:53.404+07:00  INFO 10792 --- [blood-donation-service] [main] .s.d.r.c.RepositoryConfigurationDelegate : Bootstrapping Spring Data JPA repositories in DEFAULT mode.
2025-12-29T23:30:53.589+07:00  INFO 10792 --- [blood-donation-service] [main] .s.d.r.c.RepositoryConfigurationDelegate : Finished Spring Data repository scanning in 178 ms. Found 10 JPA repository interfaces.
2025-12-29T23:30:54.189+07:00  INFO 10792 --- [blood-donation-service] [main] o.s.b.w.embedded.tomcat.TomcatWebServer  : Tomcat initialized with port 1760 (http)
2025-12-29T23:30:54.201+07:00  INFO 10792 --- [blood-donation-service] [main] o.apache.catalina.core.StandardService   : Starting service [Tomcat]
2025-12-29T23:30:54.202+07:00  INFO 10792 --- [blood-donation-service] [main] o.apache.catalina.core.StandardEngine    : Starting Servlet engine: [Apache Tomcat/10.1.49]
2025-12-29T23:30:54.257+07:00  INFO 10792 --- [blood-donation-service] [main] o.a.c.c.C.[Tomcat].[localhost].[/]       : Initializing Spring embedded WebApplicationContext
2025-12-29T23:30:54.257+07:00  INFO 10792 --- [blood-donation-service] [main] w.s.c.ServletWebServerApplicationContext : Root WebApplicationContext: initialization completed in 1833 ms
2025-12-29T23:30:54.578+07:00  INFO 10792 --- [blood-donation-service] [main] com.zaxxer.hikari.HikariDataSource       : blood-donation-pool - Starting...
2025-12-29T23:30:54.866+07:00  INFO 10792 --- [blood-donation-service] [main] com.zaxxer.hikari.pool.HikariPool        : blood-donation-pool - Added connection com.mysql.cj.jdbc.ConnectionImpl@3f3f554f
2025-12-29T23:30:54.869+07:00  INFO 10792 --- [blood-donation-service] [main] com.zaxxer.hikari.HikariDataSource       : blood-donation-pool - Start completed.
2025-12-29T23:30:54.909+07:00  INFO 10792 --- [blood-donation-service] [main] org.flywaydb.core.FlywayExecutor         : Database: jdbc:mysql://localhost:3306/blood_donation_service_db?useUnicode=true&characterEncoding=UTF-8&useLegacyDatetimeCode=false&serverTimezone=UTC (MySQL 8.0)
2025-12-29T23:30:54.978+07:00  INFO 10792 --- [blood-donation-service] [main] o.f.core.internal.command.DbValidate     : Successfully validated 1 migration (execution time 00:00.035s)
2025-12-29T23:30:55.006+07:00  INFO 10792 --- [blood-donation-service] [main] o.f.core.internal.command.DbMigrate      : Current version of schema `blood_donation_service_db`: 1
2025-12-29T23:30:55.010+07:00  INFO 10792 --- [blood-donation-service] [main] o.f.core.internal.command.DbMigrate      : Schema `blood_donation_service_db` is up to date. No migration necessary.
2025-12-29T23:30:55.122+07:00  INFO 10792 --- [blood-donation-service] [main] o.hibernate.jpa.internal.util.LogHelper  : HHH000204: Processing PersistenceUnitInfo [name: default]
2025-12-29T23:30:55.184+07:00  INFO 10792 --- [blood-donation-service] [main] org.hibernate.Version                    : HHH000412: Hibernate ORM core version 6.6.36.Final
2025-12-29T23:30:55.216+07:00  INFO 10792 --- [blood-donation-service] [main] o.h.c.internal.RegionFactoryInitiator    : HHH000026: Second-level cache disabled
2025-12-29T23:30:55.463+07:00  INFO 10792 --- [blood-donation-service] [main] o.s.o.j.p.SpringPersistenceUnitInfo      : No LoadTimeWeaver setup: ignoring JPA class transformer
2025-12-29T23:30:55.538+07:00  INFO 10792 --- [blood-donation-service] [main] org.hibernate.orm.connections.pooling    : HHH10001005: Database info:
	Database JDBC URL [Connecting through datasource 'HikariDataSource (blood-donation-pool)']
	Database driver: undefined/unknown
	Database version: 8.0.36
	Autocommit mode: undefined/unknown
	Isolation level: undefined/unknown
	Minimum pool size: undefined/unknown
	Maximum pool size: undefined/unknown
2025-12-29T23:30:56.538+07:00  INFO 10792 --- [blood-donation-service] [main] o.h.e.t.j.p.i.JtaPlatformInitiator       : HHH000489: No JTA platform available (set 'hibernate.transaction.jta.platform' to enable JTA platform integration)
2025-12-29T23:30:56.706+07:00  INFO 10792 --- [blood-donation-service] [main] j.LocalContainerEntityManagerFactoryBean : Initialized JPA EntityManagerFactory for persistence unit 'default'
2025-12-29T23:31:09.660+07:00  INFO 10792 --- [blood-donation-service] [main] o.s.d.j.r.query.QueryEnhancerFactory     : Hibernate is in classpath; If applicable, HQL parser will be used.
2025-12-29T23:31:10.726+07:00  INFO 10792 --- [blood-donation-service] [main] o.s.b.a.e.web.EndpointLinksResolver      : Exposing 1 endpoint beneath base path '/actuator'
2025-12-29T23:31:10.751+07:00  INFO 10792 --- [blood-donation-service] [main] eAuthenticationProviderManagerConfigurer : Found 2 AuthenticationProvider beans, with names [jwtAuthenticationProvider, daoAuthenticationProvider]. Global Authentication Manager will not be configured with AuthenticationProviders. Consider publishing a single AuthenticationProvider bean, or wiring your Providers directly using the DSL.
2025-12-29T23:31:10.752+07:00  INFO 10792 --- [blood-donation-service] [main] r$InitializeUserDetailsManagerConfigurer : Global AuthenticationManager configured with UserDetailsService bean with name userDetailsServiceImpl
2025-12-29T23:31:11.184+07:00  INFO 10792 --- [blood-donation-service] [main] o.s.b.w.embedded.tomcat.TomcatWebServer  : Tomcat started on port 1760 (http) with context path '/'
2025-12-29T23:31:11.193+07:00  INFO 10792 --- [blood-donation-service] [main] c.i.b.BloodDonationServiceApplication    : Started BloodDonationServiceApplication in 19.304 seconds (process running for 20.513)
2025-12-29T23:31:11.578+07:00  INFO 10792 --- [blood-donation-service] [RMI TCP Connection(2)-192.168.1.4] o.a.c.c.C.[Tomcat].[localhost].[/]       : Initializing Spring DispatcherServlet 'dispatcherServlet'
2025-12-29T23:31:11.578+07:00  INFO 10792 --- [blood-donation-service] [RMI TCP Connection(2)-192.168.1.4] o.s.web.servlet.DispatcherServlet        : Initializing Servlet 'dispatcherServlet'
2025-12-29T23:31:11.581+07:00  INFO 10792 --- [blood-donation-service] [RMI TCP Connection(2)-192.168.1.4] o.s.web.servlet.DispatcherServlet        : Completed initialization in 3 ms
2025-12-29T23:31:20.913+07:00  INFO 10792 --- [blood-donation-service] [http-nio-1760-exec-1] c.i.b.d.b.a.a.AuthServiceFacade          : authenticated user: [ROLE_USER]
2025-12-29T23:31:20.914+07:00  INFO 10792 --- [blood-donation-service] [http-nio-1760-exec-1] c.i.b.d.b.a.a.AuthServiceFacade          : scope: ROLE_USER
2025-12-29T23:31:23.885+07:00  INFO 10792 --- [blood-donation-service] [http-nio-1760-exec-3] c.i.b.i.Config.Security.SecurityConfig   : JWT Subject (User ID): 968199999
2025-12-29T23:31:23.885+07:00  INFO 10792 --- [blood-donation-service] [http-nio-1760-exec-3] c.i.b.i.Config.Security.SecurityConfig   : JWT Scope: ROLE_USER
2025-12-29T23:31:23.912+07:00  INFO 10792 --- [blood-donation-service] [http-nio-1760-exec-3] c.i.b.s.h.m.MetadataHandlerAspect        : ========== METADATA HANDLER START ==========
2025-12-29T23:31:23.912+07:00  INFO 10792 --- [blood-donation-service] [http-nio-1760-exec-3] c.i.b.s.h.m.MetadataHandlerAspect        : User ID: 2
2025-12-29T23:31:23.913+07:00  INFO 10792 --- [blood-donation-service] [http-nio-1760-exec-3] c.i.b.s.h.m.MetadataHandlerAspect        : Phone Number: 968199999
2025-12-29T23:31:23.913+07:00  INFO 10792 --- [blood-donation-service] [http-nio-1760-exec-3] c.i.b.s.h.m.MetadataHandlerAspect        : Role/Scope: ROLE_USER
2025-12-29T23:31:23.913+07:00  INFO 10792 --- [blood-donation-service] [http-nio-1760-exec-3] c.i.b.s.h.m.MetadataHandlerAspect        : ========== METADATA HANDLER END ==========
2025-12-29T23:31:33.971+07:00  INFO 10792 --- [blood-donation-service] [http-nio-1760-exec-5] c.i.b.i.Config.Security.SecurityConfig   : JWT Subject (User ID): 968199999
2025-12-29T23:31:33.972+07:00  INFO 10792 --- [blood-donation-service] [http-nio-1760-exec-5] c.i.b.i.Config.Security.SecurityConfig   : JWT Scope: ROLE_USER
2025-12-29T23:31:33.976+07:00  INFO 10792 --- [blood-donation-service] [http-nio-1760-exec-5] c.i.b.s.h.m.MetadataHandlerAspect        : ========== METADATA HANDLER START ==========
2025-12-29T23:31:33.976+07:00  INFO 10792 --- [blood-donation-service] [http-nio-1760-exec-5] c.i.b.s.h.m.MetadataHandlerAspect        : User ID: 2
2025-12-29T23:31:33.976+07:00  INFO 10792 --- [blood-donation-service] [http-nio-1760-exec-5] c.i.b.s.h.m.MetadataHandlerAspect        : Phone Number: 968199999
2025-12-29T23:31:33.976+07:00  INFO 10792 --- [blood-donation-service] [http-nio-1760-exec-5] c.i.b.s.h.m.MetadataHandlerAspect        : Role/Scope: ROLE_USER
2025-12-29T23:31:33.977+07:00  INFO 10792 --- [blood-donation-service] [http-nio-1760-exec-5] c.i.b.s.h.m.MetadataHandlerAspect        : ========== METADATA HANDLER END ==========
2025-12-29T23:33:23.476+07:00  INFO 10792 --- [blood-donation-service] [SpringApplicationShutdownHook] o.s.b.w.e.tomcat.GracefulShutdown        : Commencing graceful shutdown. Waiting for active requests to complete
2025-12-29T23:33:23.484+07:00  INFO 10792 --- [blood-donation-service] [tomcat-shutdown] o.s.b.w.e.tomcat.GracefulShutdown        : Graceful shutdown complete
2025-12-29T23:33:23.508+07:00  INFO 10792 --- [blood-donation-service] [SpringApplicationShutdownHook] j.LocalContainerEntityManagerFactoryBean : Closing JPA EntityManagerFactory for persistence unit 'default'
2025-12-29T23:33:23.511+07:00  INFO 10792 --- [blood-donation-service] [SpringApplicationShutdownHook] com.zaxxer.hikari.HikariDataSource       : blood-donation-pool - Shutdown initiated...
2025-12-29T23:33:23.524+07:00  INFO 10792 --- [blood-donation-service] [SpringApplicationShutdownHook] com.zaxxer.hikari.HikariDataSource       : blood-donation-pool - Shutdown completed.
2025-12-29T23:33:25.750+07:00  INFO 10624 --- [blood-donation-service] [main] c.i.b.BloodDonationServiceApplication    : Starting BloodDonationServiceApplication using Java 21.0.9 with PID 10624 (D:\document\Springboot\blood-donation-service\target\classes started by CC_computer in D:\document\Springboot\blood-donation-service)
2025-12-29T23:33:25.752+07:00  INFO 10624 --- [blood-donation-service] [main] c.i.b.BloodDonationServiceApplication    : No active profile set, falling back to 1 default profile: "default"
2025-12-29T23:33:26.737+07:00  INFO 10624 --- [blood-donation-service] [main] .s.d.r.c.RepositoryConfigurationDelegate : Bootstrapping Spring Data JPA repositories in DEFAULT mode.
2025-12-29T23:33:26.914+07:00  INFO 10624 --- [blood-donation-service] [main] .s.d.r.c.RepositoryConfigurationDelegate : Finished Spring Data repository scanning in 169 ms. Found 10 JPA repository interfaces.
2025-12-29T23:33:27.487+07:00  INFO 10624 --- [blood-donation-service] [main] o.s.b.w.embedded.tomcat.TomcatWebServer  : Tomcat initialized with port 1760 (http)
2025-12-29T23:33:27.498+07:00  INFO 10624 --- [blood-donation-service] [main] o.apache.catalina.core.StandardService   : Starting service [Tomcat]
2025-12-29T23:33:27.498+07:00  INFO 10624 --- [blood-donation-service] [main] o.apache.catalina.core.StandardEngine    : Starting Servlet engine: [Apache Tomcat/10.1.49]
2025-12-29T23:33:27.552+07:00  INFO 10624 --- [blood-donation-service] [main] o.a.c.c.C.[Tomcat].[localhost].[/]       : Initializing Spring embedded WebApplicationContext
2025-12-29T23:33:27.554+07:00  INFO 10624 --- [blood-donation-service] [main] w.s.c.ServletWebServerApplicationContext : Root WebApplicationContext: initialization completed in 1771 ms
2025-12-29T23:33:27.874+07:00  INFO 10624 --- [blood-donation-service] [main] com.zaxxer.hikari.HikariDataSource       : blood-donation-pool - Starting...
2025-12-29T23:33:28.163+07:00  INFO 10624 --- [blood-donation-service] [main] com.zaxxer.hikari.pool.HikariPool        : blood-donation-pool - Added connection com.mysql.cj.jdbc.ConnectionImpl@780dbed7
2025-12-29T23:33:28.165+07:00  INFO 10624 --- [blood-donation-service] [main] com.zaxxer.hikari.HikariDataSource       : blood-donation-pool - Start completed.
2025-12-29T23:33:28.210+07:00  INFO 10624 --- [blood-donation-service] [main] org.flywaydb.core.FlywayExecutor         : Database: jdbc:mysql://localhost:3306/blood_donation_service_db?useUnicode=true&characterEncoding=UTF-8&useLegacyDatetimeCode=false&serverTimezone=UTC (MySQL 8.0)
2025-12-29T23:33:28.269+07:00  INFO 10624 --- [blood-donation-service] [main] o.f.core.internal.command.DbValidate     : Successfully validated 1 migration (execution time 00:00.030s)
2025-12-29T23:33:28.294+07:00  INFO 10624 --- [blood-donation-service] [main] o.f.core.internal.command.DbMigrate      : Current version of schema `blood_donation_service_db`: 1
2025-12-29T23:33:28.298+07:00  INFO 10624 --- [blood-donation-service] [main] o.f.core.internal.command.DbMigrate      : Schema `blood_donation_service_db` is up to date. No migration necessary.
2025-12-29T23:33:28.410+07:00  INFO 10624 --- [blood-donation-service] [main] o.hibernate.jpa.internal.util.LogHelper  : HHH000204: Processing PersistenceUnitInfo [name: default]
2025-12-29T23:33:28.466+07:00  INFO 10624 --- [blood-donation-service] [main] org.hibernate.Version                    : HHH000412: Hibernate ORM core version 6.6.36.Final
2025-12-29T23:33:28.503+07:00  INFO 10624 --- [blood-donation-service] [main] o.h.c.internal.RegionFactoryInitiator    : HHH000026: Second-level cache disabled
2025-12-29T23:33:28.764+07:00  INFO 10624 --- [blood-donation-service] [main] o.s.o.j.p.SpringPersistenceUnitInfo      : No LoadTimeWeaver setup: ignoring JPA class transformer
2025-12-29T23:33:28.839+07:00  INFO 10624 --- [blood-donation-service] [main] org.hibernate.orm.connections.pooling    : HHH10001005: Database info:
	Database JDBC URL [Connecting through datasource 'HikariDataSource (blood-donation-pool)']
	Database driver: undefined/unknown
	Database version: 8.0.36
	Autocommit mode: undefined/unknown
	Isolation level: undefined/unknown
	Minimum pool size: undefined/unknown
	Maximum pool size: undefined/unknown
2025-12-29T23:33:29.844+07:00  INFO 10624 --- [blood-donation-service] [main] o.h.e.t.j.p.i.JtaPlatformInitiator       : HHH000489: No JTA platform available (set 'hibernate.transaction.jta.platform' to enable JTA platform integration)
2025-12-29T23:33:30.000+07:00  INFO 10624 --- [blood-donation-service] [main] j.LocalContainerEntityManagerFactoryBean : Initialized JPA EntityManagerFactory for persistence unit 'default'
2025-12-29T23:33:44.094+07:00  INFO 10624 --- [blood-donation-service] [main] o.s.d.j.r.query.QueryEnhancerFactory     : Hibernate is in classpath; If applicable, HQL parser will be used.
2025-12-29T23:33:46.316+07:00  INFO 10624 --- [blood-donation-service] [main] o.s.b.a.e.web.EndpointLinksResolver      : Exposing 1 endpoint beneath base path '/actuator'
2025-12-29T23:33:46.363+07:00  INFO 10624 --- [blood-donation-service] [main] eAuthenticationProviderManagerConfigurer : Found 2 AuthenticationProvider beans, with names [jwtAuthenticationProvider, daoAuthenticationProvider]. Global Authentication Manager will not be configured with AuthenticationProviders. Consider publishing a single AuthenticationProvider bean, or wiring your Providers directly using the DSL.
2025-12-29T23:33:46.366+07:00  INFO 10624 --- [blood-donation-service] [main] r$InitializeUserDetailsManagerConfigurer : Global AuthenticationManager configured with UserDetailsService bean with name userDetailsServiceImpl
2025-12-29T23:33:47.336+07:00  INFO 10624 --- [blood-donation-service] [main] o.s.b.w.embedded.tomcat.TomcatWebServer  : Tomcat started on port 1760 (http) with context path '/'
2025-12-29T23:33:47.355+07:00  INFO 10624 --- [blood-donation-service] [main] c.i.b.BloodDonationServiceApplication    : Started BloodDonationServiceApplication in 22.042 seconds (process running for 22.99)
2025-12-29T23:33:47.540+07:00  INFO 10624 --- [blood-donation-service] [http-nio-1760-exec-1] o.a.c.c.C.[Tomcat].[localhost].[/]       : Initializing Spring DispatcherServlet 'dispatcherServlet'
2025-12-29T23:33:47.540+07:00  INFO 10624 --- [blood-donation-service] [http-nio-1760-exec-1] o.s.web.servlet.DispatcherServlet        : Initializing Servlet 'dispatcherServlet'
2025-12-29T23:33:47.543+07:00  INFO 10624 --- [blood-donation-service] [http-nio-1760-exec-1] o.s.web.servlet.DispatcherServlet        : Completed initialization in 3 ms
2025-12-29T23:33:48.294+07:00  INFO 10624 --- [blood-donation-service] [http-nio-1760-exec-1] c.i.b.d.b.a.a.AuthServiceFacade          : authenticated user: [ROLE_USER]
2025-12-29T23:33:48.295+07:00  INFO 10624 --- [blood-donation-service] [http-nio-1760-exec-1] c.i.b.d.b.a.a.AuthServiceFacade          : scope: ROLE_USER
2025-12-29T23:33:48.775+07:00  INFO 10624 --- [blood-donation-service] [http-nio-1760-exec-4] c.i.b.d.b.a.a.AuthServiceFacade          : authenticated user: [ROLE_USER]
2025-12-29T23:33:48.775+07:00  INFO 10624 --- [blood-donation-service] [http-nio-1760-exec-4] c.i.b.d.b.a.a.AuthServiceFacade          : scope: ROLE_USER
2025-12-29T23:33:53.329+07:00  INFO 10624 --- [blood-donation-service] [http-nio-1760-exec-5] c.i.b.i.Config.Security.SecurityConfig   : JWT Subject (User ID): 968199999
2025-12-29T23:33:53.329+07:00  INFO 10624 --- [blood-donation-service] [http-nio-1760-exec-5] c.i.b.i.Config.Security.SecurityConfig   : JWT Scope: ROLE_USER
2025-12-29T23:33:53.356+07:00  INFO 10624 --- [blood-donation-service] [http-nio-1760-exec-5] c.i.b.s.h.m.MetadataHandlerAspect        : ========== METADATA HANDLER START ==========
2025-12-29T23:33:53.356+07:00  INFO 10624 --- [blood-donation-service] [http-nio-1760-exec-5] c.i.b.s.h.m.MetadataHandlerAspect        : User ID: 2
2025-12-29T23:33:53.357+07:00  INFO 10624 --- [blood-donation-service] [http-nio-1760-exec-5] c.i.b.s.h.m.MetadataHandlerAspect        : Phone Number: 968199999
2025-12-29T23:33:53.357+07:00  INFO 10624 --- [blood-donation-service] [http-nio-1760-exec-5] c.i.b.s.h.m.MetadataHandlerAspect        : Role/Scope: ROLE_USER
2025-12-29T23:33:53.357+07:00  INFO 10624 --- [blood-donation-service] [http-nio-1760-exec-5] c.i.b.s.h.m.MetadataHandlerAspect        : ========== METADATA HANDLER END ==========
2025-12-29T23:34:04.873+07:00  INFO 10624 --- [blood-donation-service] [http-nio-1760-exec-6] c.i.b.i.Config.Security.SecurityConfig   : JWT Subject (User ID): 968199999
2025-12-29T23:34:04.875+07:00  INFO 10624 --- [blood-donation-service] [http-nio-1760-exec-6] c.i.b.i.Config.Security.SecurityConfig   : JWT Scope: ROLE_USER
2025-12-29T23:34:04.877+07:00  INFO 10624 --- [blood-donation-service] [http-nio-1760-exec-6] c.i.b.s.h.m.MetadataHandlerAspect        : ========== METADATA HANDLER START ==========
2025-12-29T23:34:04.878+07:00  INFO 10624 --- [blood-donation-service] [http-nio-1760-exec-6] c.i.b.s.h.m.MetadataHandlerAspect        : User ID: 2
2025-12-29T23:34:04.878+07:00  INFO 10624 --- [blood-donation-service] [http-nio-1760-exec-6] c.i.b.s.h.m.MetadataHandlerAspect        : Phone Number: 968199999
2025-12-29T23:34:04.878+07:00  INFO 10624 --- [blood-donation-service] [http-nio-1760-exec-6] c.i.b.s.h.m.MetadataHandlerAspect        : Role/Scope: ROLE_USER
2025-12-29T23:34:04.878+07:00  INFO 10624 --- [blood-donation-service] [http-nio-1760-exec-6] c.i.b.s.h.m.MetadataHandlerAspect        : ========== METADATA HANDLER END ==========
2025-12-29T23:34:25.681+07:00  INFO 10624 --- [blood-donation-service] [http-nio-1760-exec-7] c.i.b.i.Config.Security.SecurityConfig   : JWT Subject (User ID): 968199999
2025-12-29T23:34:25.681+07:00  INFO 10624 --- [blood-donation-service] [http-nio-1760-exec-7] c.i.b.i.Config.Security.SecurityConfig   : JWT Scope: ROLE_USER
2025-12-29T23:34:25.684+07:00  INFO 10624 --- [blood-donation-service] [http-nio-1760-exec-7] c.i.b.s.h.m.MetadataHandlerAspect        : ========== METADATA HANDLER START ==========
2025-12-29T23:34:25.685+07:00  INFO 10624 --- [blood-donation-service] [http-nio-1760-exec-7] c.i.b.s.h.m.MetadataHandlerAspect        : User ID: 2
2025-12-29T23:34:25.685+07:00  INFO 10624 --- [blood-donation-service] [http-nio-1760-exec-7] c.i.b.s.h.m.MetadataHandlerAspect        : Phone Number: 968199999
2025-12-29T23:34:25.685+07:00  INFO 10624 --- [blood-donation-service] [http-nio-1760-exec-7] c.i.b.s.h.m.MetadataHandlerAspect        : Role/Scope: ROLE_USER
2025-12-29T23:34:25.685+07:00  INFO 10624 --- [blood-donation-service] [http-nio-1760-exec-7] c.i.b.s.h.m.MetadataHandlerAspect        : ========== METADATA HANDLER END ==========
2025-12-29T23:34:27.753+07:00  INFO 10624 --- [blood-donation-service] [http-nio-1760-exec-8] c.i.b.i.Config.Security.SecurityConfig   : JWT Subject (User ID): 968199999
2025-12-29T23:34:27.755+07:00  INFO 10624 --- [blood-donation-service] [http-nio-1760-exec-8] c.i.b.i.Config.Security.SecurityConfig   : JWT Scope: ROLE_USER
2025-12-29T23:34:27.758+07:00  INFO 10624 --- [blood-donation-service] [http-nio-1760-exec-8] c.i.b.s.h.m.MetadataHandlerAspect        : ========== METADATA HANDLER START ==========
2025-12-29T23:34:27.758+07:00  INFO 10624 --- [blood-donation-service] [http-nio-1760-exec-8] c.i.b.s.h.m.MetadataHandlerAspect        : User ID: 2
2025-12-29T23:34:27.758+07:00  INFO 10624 --- [blood-donation-service] [http-nio-1760-exec-8] c.i.b.s.h.m.MetadataHandlerAspect        : Phone Number: 968199999
2025-12-29T23:34:27.758+07:00  INFO 10624 --- [blood-donation-service] [http-nio-1760-exec-8] c.i.b.s.h.m.MetadataHandlerAspect        : Role/Scope: ROLE_USER
2025-12-29T23:34:27.758+07:00  INFO 10624 --- [blood-donation-service] [http-nio-1760-exec-8] c.i.b.s.h.m.MetadataHandlerAspect        : ========== METADATA HANDLER END ==========
2025-12-29T23:34:31.070+07:00  INFO 10624 --- [blood-donation-service] [http-nio-1760-exec-9] c.i.b.i.Config.Security.SecurityConfig   : JWT Subject (User ID): 968199999
2025-12-29T23:34:31.070+07:00  INFO 10624 --- [blood-donation-service] [http-nio-1760-exec-9] c.i.b.i.Config.Security.SecurityConfig   : JWT Scope: ROLE_USER
2025-12-29T23:34:31.073+07:00  INFO 10624 --- [blood-donation-service] [http-nio-1760-exec-9] c.i.b.s.h.m.MetadataHandlerAspect        : ========== METADATA HANDLER START ==========
2025-12-29T23:34:31.073+07:00  INFO 10624 --- [blood-donation-service] [http-nio-1760-exec-9] c.i.b.s.h.m.MetadataHandlerAspect        : User ID: 2
2025-12-29T23:34:31.074+07:00  INFO 10624 --- [blood-donation-service] [http-nio-1760-exec-9] c.i.b.s.h.m.MetadataHandlerAspect        : Phone Number: 968199999
2025-12-29T23:34:31.074+07:00  INFO 10624 --- [blood-donation-service] [http-nio-1760-exec-9] c.i.b.s.h.m.MetadataHandlerAspect        : Role/Scope: ROLE_USER
2025-12-29T23:34:31.074+07:00  INFO 10624 --- [blood-donation-service] [http-nio-1760-exec-9] c.i.b.s.h.m.MetadataHandlerAspect        : ========== METADATA HANDLER END ==========
2025-12-29T23:34:35.390+07:00  INFO 10624 --- [blood-donation-service] [http-nio-1760-exec-10] c.i.b.i.Config.Security.SecurityConfig   : JWT Subject (User ID): 968199999
2025-12-29T23:34:35.391+07:00  INFO 10624 --- [blood-donation-service] [http-nio-1760-exec-10] c.i.b.i.Config.Security.SecurityConfig   : JWT Scope: ROLE_USER
2025-12-29T23:34:35.393+07:00  INFO 10624 --- [blood-donation-service] [http-nio-1760-exec-10] c.i.b.s.h.m.MetadataHandlerAspect        : ========== METADATA HANDLER START ==========
2025-12-29T23:34:35.394+07:00  INFO 10624 --- [blood-donation-service] [http-nio-1760-exec-10] c.i.b.s.h.m.MetadataHandlerAspect        : User ID: 2
2025-12-29T23:34:35.394+07:00  INFO 10624 --- [blood-donation-service] [http-nio-1760-exec-10] c.i.b.s.h.m.MetadataHandlerAspect        : Phone Number: 968199999
2025-12-29T23:34:35.394+07:00  INFO 10624 --- [blood-donation-service] [http-nio-1760-exec-10] c.i.b.s.h.m.MetadataHandlerAspect        : Role/Scope: ROLE_USER
2025-12-29T23:34:35.394+07:00  INFO 10624 --- [blood-donation-service] [http-nio-1760-exec-10] c.i.b.s.h.m.MetadataHandlerAspect        : ========== METADATA HANDLER END ==========
2025-12-29T23:38:33.567+07:00  INFO 10624 --- [blood-donation-service] [http-nio-1760-exec-1] c.i.b.d.b.a.a.AuthServiceFacade          : authenticated user: [ROLE_USER]
2025-12-29T23:38:33.568+07:00  INFO 10624 --- [blood-donation-service] [http-nio-1760-exec-1] c.i.b.d.b.a.a.AuthServiceFacade          : scope: ROLE_USER
2025-12-29T23:38:37.759+07:00  INFO 10624 --- [blood-donation-service] [http-nio-1760-exec-4] c.i.b.i.Config.Security.SecurityConfig   : JWT Subject (User ID): 968199999
2025-12-29T23:38:37.760+07:00  INFO 10624 --- [blood-donation-service] [http-nio-1760-exec-4] c.i.b.i.Config.Security.SecurityConfig   : JWT Scope: ROLE_USER
2025-12-29T23:38:37.789+07:00  INFO 10624 --- [blood-donation-service] [http-nio-1760-exec-4] c.i.b.s.h.m.MetadataHandlerAspect        : ========== METADATA HANDLER START ==========
2025-12-29T23:38:37.789+07:00  INFO 10624 --- [blood-donation-service] [http-nio-1760-exec-4] c.i.b.s.h.m.MetadataHandlerAspect        : User ID: 2
2025-12-29T23:38:37.789+07:00  INFO 10624 --- [blood-donation-service] [http-nio-1760-exec-4] c.i.b.s.h.m.MetadataHandlerAspect        : Phone Number: 968199999
2025-12-29T23:38:37.789+07:00  INFO 10624 --- [blood-donation-service] [http-nio-1760-exec-4] c.i.b.s.h.m.MetadataHandlerAspect        : Role/Scope: ROLE_USER
2025-12-29T23:38:37.789+07:00  INFO 10624 --- [blood-donation-service] [http-nio-1760-exec-4] c.i.b.s.h.m.MetadataHandlerAspect        : ========== METADATA HANDLER END ==========
2025-12-29T23:39:02.958+07:00  INFO 10624 --- [blood-donation-service] [http-nio-1760-exec-5] c.i.b.d.b.a.a.AuthServiceFacade          : authenticated user: [ROLE_USER]
2025-12-29T23:39:02.958+07:00  INFO 10624 --- [blood-donation-service] [http-nio-1760-exec-5] c.i.b.d.b.a.a.AuthServiceFacade          : scope: ROLE_USER
2025-12-29T23:39:07.886+07:00  INFO 10624 --- [blood-donation-service] [http-nio-1760-exec-6] c.i.b.i.Config.Security.SecurityConfig   : JWT Subject (User ID): 12345678
2025-12-29T23:39:07.886+07:00  INFO 10624 --- [blood-donation-service] [http-nio-1760-exec-6] c.i.b.i.Config.Security.SecurityConfig   : JWT Scope: ROLE_USER
2025-12-29T23:39:07.901+07:00  INFO 10624 --- [blood-donation-service] [http-nio-1760-exec-6] c.i.b.s.h.m.MetadataHandlerAspect        : ========== METADATA HANDLER START ==========
2025-12-29T23:39:07.901+07:00  INFO 10624 --- [blood-donation-service] [http-nio-1760-exec-6] c.i.b.s.h.m.MetadataHandlerAspect        : User ID: 1
2025-12-29T23:39:07.902+07:00  INFO 10624 --- [blood-donation-service] [http-nio-1760-exec-6] c.i.b.s.h.m.MetadataHandlerAspect        : Phone Number: 12345678
2025-12-29T23:39:07.902+07:00  INFO 10624 --- [blood-donation-service] [http-nio-1760-exec-6] c.i.b.s.h.m.MetadataHandlerAspect        : Role/Scope: ROLE_USER
2025-12-29T23:39:07.902+07:00  INFO 10624 --- [blood-donation-service] [http-nio-1760-exec-6] c.i.b.s.h.m.MetadataHandlerAspect        : ========== METADATA HANDLER END ==========
2025-12-29T23:39:18.691+07:00  INFO 10624 --- [blood-donation-service] [http-nio-1760-exec-7] c.i.b.i.Config.Security.SecurityConfig   : JWT Subject (User ID): 12345678
2025-12-29T23:39:18.692+07:00  INFO 10624 --- [blood-donation-service] [http-nio-1760-exec-7] c.i.b.i.Config.Security.SecurityConfig   : JWT Scope: ROLE_USER
2025-12-29T23:39:18.699+07:00  INFO 10624 --- [blood-donation-service] [http-nio-1760-exec-7] c.i.b.s.h.m.MetadataHandlerAspect        : ========== METADATA HANDLER START ==========
2025-12-29T23:39:18.699+07:00  INFO 10624 --- [blood-donation-service] [http-nio-1760-exec-7] c.i.b.s.h.m.MetadataHandlerAspect        : User ID: 1
2025-12-29T23:39:18.699+07:00  INFO 10624 --- [blood-donation-service] [http-nio-1760-exec-7] c.i.b.s.h.m.MetadataHandlerAspect        : Phone Number: 12345678
2025-12-29T23:39:18.699+07:00  INFO 10624 --- [blood-donation-service] [http-nio-1760-exec-7] c.i.b.s.h.m.MetadataHandlerAspect        : Role/Scope: ROLE_USER
2025-12-29T23:39:18.699+07:00  INFO 10624 --- [blood-donation-service] [http-nio-1760-exec-7] c.i.b.s.h.m.MetadataHandlerAspect        : ========== METADATA HANDLER END ==========
2025-12-29T23:39:20.268+07:00  INFO 10624 --- [blood-donation-service] [reactor-http-nio-2] c.i.b.d.b.n.a.OneSignalServiceFacade     : Push notification sent to user 2: null recipients
2025-12-29T23:40:13.868+07:00  INFO 10624 --- [blood-donation-service] [http-nio-1760-exec-8] c.i.b.d.b.a.a.AuthServiceFacade          : authenticated user: [ROLE_USER]
2025-12-29T23:40:13.869+07:00  INFO 10624 --- [blood-donation-service] [http-nio-1760-exec-8] c.i.b.d.b.a.a.AuthServiceFacade          : scope: ROLE_USER
2025-12-29T23:40:24.321+07:00  INFO 10624 --- [blood-donation-service] [http-nio-1760-exec-9] c.i.b.i.Config.Security.SecurityConfig   : JWT Subject (User ID): 968199999
2025-12-29T23:40:24.321+07:00  INFO 10624 --- [blood-donation-service] [http-nio-1760-exec-9] c.i.b.i.Config.Security.SecurityConfig   : JWT Scope: ROLE_USER
2025-12-29T23:40:24.324+07:00  INFO 10624 --- [blood-donation-service] [http-nio-1760-exec-9] c.i.b.s.h.m.MetadataHandlerAspect        : ========== METADATA HANDLER START ==========
2025-12-29T23:40:24.324+07:00  INFO 10624 --- [blood-donation-service] [http-nio-1760-exec-9] c.i.b.s.h.m.MetadataHandlerAspect        : User ID: 2
2025-12-29T23:40:24.324+07:00  INFO 10624 --- [blood-donation-service] [http-nio-1760-exec-9] c.i.b.s.h.m.MetadataHandlerAspect        : Phone Number: 968199999
2025-12-29T23:40:24.324+07:00  INFO 10624 --- [blood-donation-service] [http-nio-1760-exec-9] c.i.b.s.h.m.MetadataHandlerAspect        : Role/Scope: ROLE_USER
2025-12-29T23:40:24.325+07:00  INFO 10624 --- [blood-donation-service] [http-nio-1760-exec-9] c.i.b.s.h.m.MetadataHandlerAspect        : ========== METADATA HANDLER END ==========
2025-12-29T23:40:34.240+07:00  INFO 10624 --- [blood-donation-service] [http-nio-1760-exec-10] c.i.b.i.Config.Security.SecurityConfig   : JWT Subject (User ID): 968199999
2025-12-29T23:40:34.240+07:00  INFO 10624 --- [blood-donation-service] [http-nio-1760-exec-10] c.i.b.i.Config.Security.SecurityConfig   : JWT Scope: ROLE_USER
2025-12-29T23:40:34.243+07:00  INFO 10624 --- [blood-donation-service] [http-nio-1760-exec-10] c.i.b.s.h.m.MetadataHandlerAspect        : ========== METADATA HANDLER START ==========
2025-12-29T23:40:34.243+07:00  INFO 10624 --- [blood-donation-service] [http-nio-1760-exec-10] c.i.b.s.h.m.MetadataHandlerAspect        : User ID: 2
2025-12-29T23:40:34.243+07:00  INFO 10624 --- [blood-donation-service] [http-nio-1760-exec-10] c.i.b.s.h.m.MetadataHandlerAspect        : Phone Number: 968199999
2025-12-29T23:40:34.243+07:00  INFO 10624 --- [blood-donation-service] [http-nio-1760-exec-10] c.i.b.s.h.m.MetadataHandlerAspect        : Role/Scope: ROLE_USER
2025-12-29T23:40:34.243+07:00  INFO 10624 --- [blood-donation-service] [http-nio-1760-exec-10] c.i.b.s.h.m.MetadataHandlerAspect        : ========== METADATA HANDLER END ==========
2025-12-29T23:40:54.796+07:00  INFO 10624 --- [blood-donation-service] [http-nio-1760-exec-2] c.i.b.i.Config.Security.SecurityConfig   : JWT Subject (User ID): 968199999
2025-12-29T23:40:54.796+07:00  INFO 10624 --- [blood-donation-service] [http-nio-1760-exec-2] c.i.b.i.Config.Security.SecurityConfig   : JWT Scope: ROLE_USER
2025-12-29T23:40:54.803+07:00  INFO 10624 --- [blood-donation-service] [http-nio-1760-exec-2] c.i.b.s.h.m.MetadataHandlerAspect        : ========== METADATA HANDLER START ==========
2025-12-29T23:40:54.804+07:00  INFO 10624 --- [blood-donation-service] [http-nio-1760-exec-2] c.i.b.s.h.m.MetadataHandlerAspect        : User ID: 2
2025-12-29T23:40:54.804+07:00  INFO 10624 --- [blood-donation-service] [http-nio-1760-exec-2] c.i.b.s.h.m.MetadataHandlerAspect        : Phone Number: 968199999
2025-12-29T23:40:54.804+07:00  INFO 10624 --- [blood-donation-service] [http-nio-1760-exec-2] c.i.b.s.h.m.MetadataHandlerAspect        : Role/Scope: ROLE_USER
2025-12-29T23:40:54.804+07:00  INFO 10624 --- [blood-donation-service] [http-nio-1760-exec-2] c.i.b.s.h.m.MetadataHandlerAspect        : ========== METADATA HANDLER END ==========
2025-12-29T23:40:55.290+07:00  INFO 10624 --- [blood-donation-service] [reactor-http-nio-2] c.i.b.d.b.n.a.OneSignalServiceFacade     : Push notification sent to user 1: null recipients
2025-12-29T23:41:02.070+07:00  INFO 10624 --- [blood-donation-service] [http-nio-1760-exec-3] c.i.b.i.Config.Security.SecurityConfig   : JWT Subject (User ID): 968199999
2025-12-29T23:41:02.071+07:00  INFO 10624 --- [blood-donation-service] [http-nio-1760-exec-3] c.i.b.i.Config.Security.SecurityConfig   : JWT Scope: ROLE_USER
2025-12-29T23:41:02.073+07:00  INFO 10624 --- [blood-donation-service] [http-nio-1760-exec-3] c.i.b.s.h.m.MetadataHandlerAspect        : ========== METADATA HANDLER START ==========
2025-12-29T23:41:02.073+07:00  INFO 10624 --- [blood-donation-service] [http-nio-1760-exec-3] c.i.b.s.h.m.MetadataHandlerAspect        : User ID: 2
2025-12-29T23:41:02.073+07:00  INFO 10624 --- [blood-donation-service] [http-nio-1760-exec-3] c.i.b.s.h.m.MetadataHandlerAspect        : Phone Number: 968199999
2025-12-29T23:41:02.073+07:00  INFO 10624 --- [blood-donation-service] [http-nio-1760-exec-3] c.i.b.s.h.m.MetadataHandlerAspect        : Role/Scope: ROLE_USER
2025-12-29T23:41:02.073+07:00  INFO 10624 --- [blood-donation-service] [http-nio-1760-exec-3] c.i.b.s.h.m.MetadataHandlerAspect        : ========== METADATA HANDLER END ==========
2025-12-29T23:43:10.894+07:00  INFO 10624 --- [blood-donation-service] [SpringApplicationShutdownHook] o.s.b.w.e.tomcat.GracefulShutdown        : Commencing graceful shutdown. Waiting for active requests to complete
2025-12-29T23:43:10.904+07:00  INFO 10624 --- [blood-donation-service] [tomcat-shutdown] o.s.b.w.e.tomcat.GracefulShutdown        : Graceful shutdown complete
2025-12-29T23:43:12.989+07:00  INFO 10624 --- [blood-donation-service] [SpringApplicationShutdownHook] j.LocalContainerEntityManagerFactoryBean : Closing JPA EntityManagerFactory for persistence unit 'default'
2025-12-29T23:43:12.991+07:00  INFO 10624 --- [blood-donation-service] [SpringApplicationShutdownHook] com.zaxxer.hikari.HikariDataSource       : blood-donation-pool - Shutdown initiated...
2025-12-29T23:43:13.003+07:00  INFO 10624 --- [blood-donation-service] [SpringApplicationShutdownHook] com.zaxxer.hikari.HikariDataSource       : blood-donation-pool - Shutdown completed.
